"","V1","V2","V3","V4","V5","V6","V7","V8","V9","V10","V11","V12","V13","V14","V15","V16","V17","V18","V19","V20","V21","V22","V23","V24","V25","V26","V27","V28","V29","V30","V31","V32","V33","V34","V35","V36","V37","V38","V39","V40","V41","V42","V43","V44","V45","V46","V47","V48","V49","V50"
"1",0.349989277289299,0.0124383444134677,0.00107227107012653,0,0,0,0,0,0.000214454214025306,0.0036457216384302,0,0.0855672313960969,0,0.144971048681107,0,0,0,0.0817070555436414,0,0,0,0.0248766888269355,0,0,0,0.00193008792622775,0.012652798627493,0,0.0454642933733648,0.0135106154835943,0.00300235899635428,0,0,0,0.000214454214025306,0,0,0,0,0,0.150332404031739,0,0,0.0235899635427836,0,0.00900707698906284,0.0193008792622775,0.0111516191293159,0.00514690113660733,0.000214454214025306
"2",0,0,0,0,0,0,0,0,0,0,0,0.0746223564954683,0,0.109365558912387,0.505740181268882,0.00120845921450151,0,0.0232628398791541,0,0,0,0.0126888217522659,0,0,0,0,0,0,0.000302114803625378,0,0.0027190332326284,0,0,0,0.0244712990936556,0,0,0.00755287009063444,0,0,0.112990936555891,0,0,0.059214501510574,0,0,0.0570996978851964,0.00151057401812689,0.00725075528700906,0
"3",0,0,0.000605510142294883,0,0,0,0,0,0,0,0.00968816227671813,0.0333030578262186,0,0.0741749924311232,0,0.000302755071147442,0,0.0305782621858916,0,0,0,0,0,0.000302755071147442,0.000908265213442325,0.000605510142294883,0,0.0072661217075386,0,0,0,0,0,0,0.0133212231304874,0,0,0,0,0.641235240690282,0.148955495004541,0,0,0.0154405086285195,0,0,0.00423857099606418,0.0172570390554042,0.00181653042688465,0
"4",0,0,0.00413109336271,0,0,0,0.423850179014046,0,0,0.000275406224180667,0,0.0366290278160286,0,0.155329110437896,0,0,0,0.06196640044065,0.015698154778298,0,0,0,0,0,0,0.00413109336271,0.000826218672542,0.00137703112090333,0.005783530707794,0,0.0110162489672267,0.007435968052878,0,0,0.00413109336271,0,0,0,0,0,0.244285320848251,0,0,0.00413109336271,0.000275406224180667,0,0.00908840539796199,0.007435968052878,0.00220324979344533,0
"5",0,0,0,0,0,0.00946494108557079,0,0,0.00424956538535831,0.274096967355611,0,0.115317751593587,0,0.0834460112033996,0,0,0,0.101796407185629,0,0,0,0.146610005794862,0,0,0,0,0,0,0.0805485802588372,0,0,0.00579486188912498,0,0,0.00444272744832915,0.050801622561329,0,0,0,0,0.0782306355031872,0,0.00405640332238748,0.0077264825188333,0.000193162062970833,0,0.0256905543751207,0.00173845856673749,0.00463588951129998,0.001158972377825
"6",0,0,0,0.276845637583893,0.000372856077554064,0,0,0,0,0,0.00186428038777032,0.0376584638329605,0,0.128821774794929,0,0,0.00596569724086503,0.164243102162565,0,0,0.00186428038777032,0.00671140939597315,0.00149142431021626,0,0,0,0,0.0046607009694258,0,0,0.00689783743475019,0.000559284116331096,0,0,0.0052199850857569,0.0180835197613721,0,0,0,0.0100671140939597,0.251677852348993,0,0.0255406413124534,0.00298284862043251,0,0,0.0359806114839672,0,0.00801640566741238,0.00447427293064877
"7",0,0,0,0,0,0.0124959428756897,0,0,0,0.0086011035378124,0,0.0926647192469977,0.00600454397922752,0.0928270042194093,0.00373255436546576,0,0,0.0910418695228822,0,0.499513145082765,0,0.00827653359298929,0,0,0,0.0017851346965271,0,0.000162284972411555,0.00162284972411555,0,0.00194741966893866,0,0.00292112950340798,0,0.00421940928270042,0.000162284972411555,0,0.0111976630963973,0,0,0.0457643622200584,0.000324569944823109,0.0053554040895813,0.0782213567023694,0,0,0.0136319376825706,0.0168776371308017,0,0.000649139889646219
"8",0.00585343011004449,0,0.000234137204401779,0,0,0.00468274408803559,0.0107703114024819,0,0.00889721376726762,0,0,0.0966986654179349,0,0.0948255677827207,0,0,0,0.051978459377195,0,0,0,0.0348864434558651,0,0,0,0,0.229454460313744,0.0133458206509014,0.234371341606181,0.00819480215406228,0.00772652774525872,0,0,0,0,0.0152189182861157,0,0,0,0,0.12104893467572,0,0,0.00187309763521424,0.00187309763521424,0.0112385858112854,0.0149847810817139,0.0257550924841957,0.00468274408803559,0.00140482322641068
"9",0,0,0,0,0,0,0.00725952813067151,0.00282314982859447,0.000403307118370639,0.0127041742286751,0,0.0905424480742085,0,0.119580560596895,0,0,0.00544464609800363,0.0780399274047187,0.0137124420246017,0,0,0.00604960677555959,0.0010082677959266,0,0,0.419036095987094,0.00524299253881831,0,0.0300463803186126,0.00362976406533575,0,0,0,0,0.00685622101230087,0.00584795321637427,0,0,0,0.0020165355918532,0.0758217382536802,0.00705787457148619,0,0.0639241782617463,0,0.000806614236741278,0.0114942528735632,0.0231901593063118,0.00383141762452107,0.00362976406533575
"10",0,0,0,0,0,0.00899182561307902,0.00136239782016349,0,0,0.462942779291553,0.000272479564032698,0.137057220708447,0,0.0961852861035422,0,0.000272479564032698,0,0.0705722070844687,0,0,0,0.0457765667574932,0,0,0,0,0,0,0.0743869209809264,0,0,0.000544959128065395,0,0,0,0,0,0,0,0,0.0536784741144414,0,0.00626702997275204,0,0,0,0.0408719346049046,0,0.000817438692098093,0
"11",0,0.0681187273115524,0,0,0,0.167200512491992,0.000427076660260517,0.00298953662182362,0.00640614990390775,0.0104633781763827,0,0.0862694853726244,0,0.0909673286354901,0,0,0.00427076660260517,0.0237027546444587,0,0,0.0140935297885971,0.0486867392696989,0,0,0,0,0,0.00170830664104207,0.12427930813581,0.00170830664104207,0.000640614990390775,0.0277599829169336,0,0,0.0580824257954303,0.00747384155455904,0.000213538330130258,0.00192184497117233,0,0,0.0418535127055306,0.00149476831091181,0,0.0550928891736067,0,0.0100363015161221,0.117232543241512,0.0125987614776852,0.0143070681187273,0
"12",0,0,0,0,0.000540394487976223,0.000270197243988111,0,0,0.000270197243988111,0.00864631180761956,0,0.0951094298838152,0,0.111321264523102,0,0,0,0.103215347203459,0,0,0,0.0154012429073223,0.0118886787354769,0,0,0,0.0156714401513105,0.390975412050797,0.130505268846258,0,0,0.0162118346392867,0,0.000540394487976223,0.000270197243988111,0,0,0,0,0,0.0807889759524453,0,0,0.00162118346392867,0,0.000270197243988111,0.00918670629559579,0,0.00729532558767901,0
"13",0.00167384026781444,0.0908656145384983,0,0,0.336681013868962,0,0.00167384026781444,0,0,0,0,0.0781922525107604,0,0.109038737446198,0.00263032042085127,0.00310856049736968,0,0.0712577714012434,0,0,0,0.000478240076518412,0,0,0,0,0.00526064084170253,0.0258249641319943,0.0616929698708752,0.00191296030607365,0.00621712099473936,0.0164992826398852,0.00215208034433286,0,0.00119560019129603,0.00263032042085127,0,0.00215208034433286,0.000239120038259206,0,0.0923003347680536,0,0.00645624103299857,0.0210425633668101,0,0,0.0346724055475849,0.0200860832137733,0,0.0040650406504065
"14",0,0.010351966873706,0,0,0,0.0393374741200828,0,0,0.0015527950310559,0.150621118012422,0,0.0781573498964803,0,0.093167701863354,0,0,0.0031055900621118,0.0942028985507246,0,0.0134575569358178,0.0139751552795031,0.203933747412008,0,0,0.0015527950310559,0.015527950310559,0,0.0056935817805383,0.0693581780538302,0.0025879917184265,0.0010351966873706,0.0315734989648033,0,0,0.0005175983436853,0,0,0,0,0,0.0357142857142857,0,0,0.0476190476190476,0,0.0005175983436853,0.0388198757763975,0.0077639751552795,0.0320910973084886,0.0077639751552795
"15",0.0271172298706717,0.0114726741760534,0,0,0,0,0.0148101793909053,0,0.000417188151856487,0,0,0.0456821026282854,0.00104297037964122,0.156028368794326,0,0,0,0.0435961618690029,0.489570296203588,0,0.00438047559449312,0.00125156445556946,0.00375469336670839,0,0,0.000625782227784731,0,0,0.000208594075928244,0,0.000208594075928244,0,0.000208594075928244,0,0.0123070504797664,0.00146015853149771,0,0.000625782227784731,0,0,0.120984564038381,0,0.00709219858156028,0.0258656654151022,0,0,0.0110554860241969,0.00750938673341677,0.0127242386316229,0
"16",0,0.42212518195051,0,0,0,0,0,0.00524017467248908,0,0,0,0.1254730713246,0.0125181950509461,0.0954876273653566,0,0.00174672489082969,0.00756914119359534,0.104221251819505,0,0,0,0.00698689956331878,0,0,0,0,0.00320232896652111,0,0.0611353711790393,0.0320232896652111,0.00582241630276565,0.00553129548762737,0,0,0.0142649199417758,0.000291120815138282,0,0.00640465793304221,0.000873362445414847,0,0.0570596797671034,0,0,0.0101892285298399,0,0,0.0066957787481805,0.0139737991266376,0,0.00116448326055313
"17",0,0,0,0.459327120518086,0,0,0,0,0,0,0,0.00552835255093982,0.000157952930026852,0.0946138050860843,0,0,0,0,0,0,0,0.101247828147212,0,0,0,0,0,0,0.000157952930026852,0,0.0203759279734639,0,0,0,0.0137419049123361,0.00126362344021482,0,0,0,0,0.038382561996525,0,0,0.02558837466435,0,0,0.0868741115147686,0.00931922287158427,0.0113726109619333,0.132048649502448
"18",0,0,0.00703674745895231,0,0,0,0.00234558248631744,0,0.00508209538702111,0,0,0.0781860828772478,0,0.126661454261142,0.000390930414386239,0,0,0.173964034401876,0,0,0,0.0668491008600469,0.00703674745895231,0.0226739640344019,0.019546520719312,0,0.000781860828772478,0.329163408913213,0.0320562939796716,0,0,0.0418295543393276,0,0,0.00586395621579359,0,0,0,0,0,0.0469116497263487,0,0,0.00508209538702111,0,0,0.0199374511336982,0.00860046911649726,0,0
"19",0,0,0,0,0,0.0835726593911545,0,0,0,0.020964962665135,0,0.114589316484779,0,0.149626651349799,0,0,0.15393452039058,0.0605973578403217,0,0,0,0.111430212521539,0.000861573808156232,0,0,0,0,0.000861573808156232,0.0712234348075819,0,0.00143595634692705,0,0,0,0.000861573808156232,0.00172314761631246,0,0,0,0,0.0528431935669156,0,0,0.0310166570936244,0,0,0.0947731188971855,0.0117748420448018,0.0201033888569787,0.0178058587018955
"20",0.000464037122969838,0,0,0,0,0,0,0,0,0.00394431554524362,0,0.0904872389791183,0,0.149187935034803,0,0,0.000928074245939675,0.0482598607888631,0,0,0,0.0707656612529002,0,0,0,0,0,0.00139211136890951,0.0596287703016241,0.000928074245939675,0,0,0,0,0.00162412993039443,0,0,0.409744779582367,0,0,0.0983758700696056,0,0,0.0561484918793504,0,0,0.00812064965197216,0,0,0
"21",0,0.00829455796075258,0,0,0.00182075662553105,0,0,0,0.00364151325106211,0.000404612583451345,0,0.242969856362533,0,0.103985433946996,0,0,0.011733764920089,0.0653449322273923,0,0,0,0.000202306291725673,0,0,0.00182075662553105,0.392474205947805,0,0,0.0523973295569492,0.00505765729314182,0,0,0,0,0.0236698361319037,0,0,0,0,0,0.032773619259559,0,0,0.024074448715355,0,0,0.00465304470969047,0.0242767550070807,0.000404612583451345,0
"22",0.00785417901600474,0,0,0,0,0,0,0.0841730883224659,0.002963841138115,0,0,0.126852400711322,0,0.0866923532898637,0,0,0.00370480142264375,0.028452874925904,0,0,0,0.0002963841138115,0,0,0,0,0,0.0480142264374629,0.111440426793124,0.0182276229994072,0,0,0,0,0.000444576170717249,0,0.390930646117368,0,0.00740960284528749,0,0.0659454653230587,0,0,0.000889152341434499,0,0.00666864256075874,0.0038529934795495,0.00518672199170124,0,0
"23",0,0,0,0,0,0.00174384809145514,0.00484402247626429,0.000193760899050572,0,0.000387521798101143,0,0.0333268746366983,0.229800426273978,0.149777174966092,0,0.00794419686107344,0,0.0215074597946134,0,0,0,0.0251889168765743,0.00871924045727572,0,0,0,0,0,0.00794419686107344,0,0.00368145708196086,0,0,0,0.0404960279015695,0.000193760899050572,0,0.00620034876961829,0,0,0.052896725440806,0,0,0.257314473939159,0,0,0.0866111218756055,0.0335206355357489,0.000193760899050572,0.0275140476651812
"24",0,0.424654023577652,0,0,0,0.0061506919528447,0,0.0117888262429523,0,0,0,0.0317785750896976,0,0.152998462327012,0,0,0,0.0476678626345464,0,0,0,0.00281906714505382,0,0.0215274218349564,0,0,0,0,0.017939518195797,0,0.000256278831368529,0.000256278831368529,0,0,0.00333162480779088,0,0,0.00281906714505382,0.0438236801640184,0,0.158380317785751,0,0,0.0133264992311635,0.000768836494105587,0,0.0558687852383393,0,0.00102511532547412,0.00281906714505382
"25",0.0198581560283688,0.116312056737589,0,0,0,0.0170212765957447,0.00567375886524823,0,0,0,0,0.0780141843971631,0.00141843971631206,0.164539007092199,0,0.00141843971631206,0,0.147517730496454,0,0,0,0.0695035460992908,0.00141843971631206,0,0,0,0,0,0.134751773049645,0.00141843971631206,0.00141843971631206,0.0099290780141844,0,0,0.0156028368794326,0,0,0,0,0,0.0723404255319149,0,0.00567375886524823,0.0354609929078014,0,0.0382978723404255,0.00851063829787234,0.0113475177304965,0,0.0425531914893617
"26",0,0,0,0,0,0.000590318772136954,0,0,0,0,0,0.0147579693034238,0,0.12987012987013,0,0,0,0.00590318772136954,0,0,0.00649350649350649,0.0755608028335301,0,0,0,0,0,0,0,0,0.193624557260921,0,0,0,0.00944510035419126,0.00472255017709563,0,0,0,0,0.103305785123967,0,0,0.0608028335301063,0,0,0.0371900826446281,0.000590318772136954,0.0135773317591499,0.343565525383707
"27",0,0,0,0,0,0,0,0,0,0,0,0.0862343572241183,0,0.0973833902161547,0,0,0,0.0275312855517634,0,0,0,0.0129692832764505,0,0,0,0,0.563139931740614,0.00978384527872582,0.0236632536973834,0.0025028441410694,0,0.00068259385665529,0,0,0,0,0,0.000227531285551763,0.00113765642775882,0,0.146075085324232,0,0,0.00364050056882821,0,0,0.0129692832764505,0.0120591581342435,0,0
"28",0,0.000995891945723889,0,0,0,0,0,0.00124486493215486,0.000995891945723889,0,0,0.0234034607245114,0,0.187352172289307,0,0,0,0.00522843271505042,0.000124486493215486,0,0.0286318934395618,0.0260176770820366,0,0,0,0,0,0.00933648699116146,0.0260176770820366,0,0.00622432466077431,0,0,0,0.0202912983941242,0.0044815137557575,0.000622432466077431,0,0.000373459479646458,0,0.0728245985310594,0,0.000248972986430972,0.00883854101829951,0,0.0072202166064982,0.062741192580605,0.00883854101829951,0.484999377567534,0.0129465952944106
"29",0,0.00059206631142688,0.367673179396092,0,0,0.0319715808170515,0,0,0.0384843102427472,0,0,0.0112492599171107,0,0.127294256956779,0,0.00177619893428064,0,0.0580224985198342,0,0,0,0,0,0,0,0.00177619893428064,0,0,0.024866785079929,0,0,0.00414446417998816,0,0,0.0183540556542333,0.00651272942569568,0,0,0.00118413262285376,0,0.127294256956779,0.034339846062759,0,0.0420367081113085,0.0284191829484902,0,0.07400828892836,0,0,0
"30",0,0,0,0,0,0,0,0,0,0.0312891113892365,0,0.157697121401752,0,0.13892365456821,0,0,0.0187734668335419,0.0951188986232791,0,0,0,0.0150187734668335,0,0,0,0.148936170212766,0,0,0.120150187734668,0,0,0.0175219023779725,0.0300375469336671,0,0.0187734668335419,0,0,0,0,0,0.0362953692115144,0,0.0500625782227785,0.0212765957446809,0.00500625782227785,0,0.00125156445556946,0.0938673341677096,0,0
"31",0.00140646976090014,0,0,0,0,0,0,0,0,0,0,0.189873417721519,0.00562587904360056,0.119549929676512,0,0,0,0.0562587904360056,0,0,0,0,0,0,0,0.0154711673699015,0,0.00140646976090014,0.0478199718706048,0.00562587904360056,0,0.00562587904360056,0,0,0.137834036568214,0,0,0,0,0.0506329113924051,0.0407876230661041,0,0,0.00421940928270042,0,0.258790436005626,0.0407876230661041,0.0168776371308017,0.00140646976090014,0
"32",0,0,0,0,0,0.000375234521575985,0,0,0,0.000375234521575985,0,0.0367729831144465,0.321013133208255,0.153095684803002,0,0,0,0.0354596622889306,0,0,0.000562851782363977,0.0697936210131332,0.00168855534709193,0,0,0,0.0114446529080675,0,0.0178236397748593,0.00075046904315197,0.0110694183864916,0,0,0,0.00187617260787992,0.000187617260787992,0,0,0,0,0.123076923076923,0,0,0.0378986866791745,0.00431519699812383,0,0.0615384615384615,0.00206378986866792,0.00881801125703565,0.1
"33",0.00250048086170417,0.0051933064050779,0,0,0,0.00423158299673014,0,0.000577034045008655,0.00365454895172148,0,0,0.0332756299288325,0,0.138872860165416,0.000961723408347759,0.00211579149836507,0,0.00634737449509521,0,0,0.310059626851318,0.103289094056549,0,0,0,0,0,0,0.0144258511252164,0,0.00500096172340835,0,0,0.000384689363339104,0.000192344681669552,0,0,0,0,0,0.0525100980957877,0,0,0.0777072513944989,0,0.00615502981342566,0.179265243316022,0.00788613194845163,0.0234660511636853,0.0219272937103289
"34",0,0,0,0,0,0.000648929266709929,0,0,0.246593121349773,0.000648929266709929,0,0.111615833874108,0,0.189487345879299,0,0,0.000648929266709929,0.0681375730045425,0,0,0.000648929266709929,0.0168721609344581,0,0,0,0,0,0.0480207657365347,0.141466580142764,0,0.000648929266709929,0,0.00194678780012979,0,0.0103828682673589,0,0,0,0,0,0.105126541207008,0,0,0.0259571706683971,0.00324464633354964,0.000648929266709929,0.0142764438676184,0,0.00843608046722907,0.0045425048669695
"35",0.00605361775727876,0.0129720380513116,0,0,0,0,0,0.00144133756125685,0.0288267512251369,0,0,0.112712597290285,0.00288267512251369,0.133179590660133,0,0,0,0.0547708273277602,0.0112424329778034,0,0,0.024214471029115,0,0.00576535024502739,0,0.0181608532718363,0.00490054770827328,0.00345921014701643,0.329778034015566,0.00115307004900548,0.0175843182473335,0,0.00144133756125685,0.000864802536754108,0.00605361775727876,0.0541942923032574,0,0,0,0,0.11790141251081,0,0.00230614009801095,0.00980109541654656,0,0.000288267512251369,0.0121072355145575,0.0239262035168637,0,0.00201787258575958
"36",0,0,0.000210970464135021,0,0,0,0,0,0.471097046413502,0,0,0.0253164556962025,0,0.192827004219409,0,0,0,0.0546413502109705,0,0,0.000843881856540084,0.0272151898734177,0.00210970464135021,0,0,0,0,0,0.00316455696202532,0,0.0383966244725738,0.000210970464135021,0,0,0.010337552742616,0.0206751054852321,0,0,0,0,0.0947257383966245,0,0,0.00358649789029536,0,0,0.0533755274261603,0.00105485232067511,0,0.000210970464135021
"37",0,0,0,0,0,0.000330906684315023,0,0.00115817339510258,0,0,0,0.0193580410324289,0,0.127564526803441,0,0.518861681005956,0,0.0177035076108537,0,0,0,0.00264725347452019,0.00115817339510258,0,0,0,0.000165453342157512,0,0.000165453342157512,0,0.0163798808735936,0.000330906684315023,0,0,0.0218398411647915,0,0,0.00215089344804765,0,0,0.0474851091992058,0,0,0.114493712772998,0.000165453342157512,0.000165453342157512,0.0911647915287889,0,0,0.0167107875579087
"38",0.00663227708179808,0.0046671579464505,0.00712355686563498,0,0.324981577008106,0.00933431589290101,0,0,0.0508474576271186,0,0,0.119626627364284,0,0.113731269958241,0,0,0,0.0707442888725129,0,0,0.000245639891918448,0.00147383935151069,0,0.00908867600098256,0,0,0,0.0240727094080079,0.0916236796855809,0.000245639891918448,0,0,0,0,0.0127732743797593,0,0,0.0184229918938836,0,0,0.0550233357897323,0,0,0.037337263571604,0,0,0.0201424711373127,0.0216163104888234,0.000245639891918448,0
"39",0,0,0,0,0,0,0,0,0.000360100828231905,0,0,0.0594166366582643,0.00864241987756572,0.216060496939143,0,0.00108030248469571,0,0.0500540151242348,0,0.00108030248469571,0.00432120993878286,0.0939863161685272,0,0,0,0,0.000360100828231905,0,0,0,0.27223622614332,0,0,0,0.0108030248469571,0,0,0,0,0,0.09074540871444,0,0,0.0410514944184372,0,0,0.116312567518905,0.00072020165646381,0.01512423478574,0.0176449405833633
"40",0,0,0.439615384615385,0,0,0,0.00153846153846154,0,0,0,0,0.0684615384615385,0,0.206153846153846,0,0,0,0.0992307692307692,0,0,0,0.0119230769230769,0,0.0126923076923077,0,0.00653846153846154,0,0.00192307692307692,0.0123076923076923,0.000384615384615385,0,0,0,0,0,0.0119230769230769,0,0,0,0,0.0873076923076923,0,0,0.0230769230769231,0,0,0.0142307692307692,0,0.000384615384615385,0.00230769230769231
"41",0,0,0,0,0,0,0.000561324726354196,0,0.0162784170642717,0,0,0.139769856862195,0,0.144541117036205,0.00701655907942745,0,0,0.0839180465899523,0,0,0,0,0.00196463654223969,0,0,0.0154364299747404,0.00364861072130227,0.0432220039292731,0.0415380297502105,0.017120404153803,0.000280662363177098,0.0423800168397418,0.00729722144260455,0,0.048835251192815,0,0,0,0.00308728599494808,0.00477126017401067,0.0204883525119282,0.051641874824586,0.182711198428291,0.045747965197867,0.000561324726354196,0,0.0123491439797923,0.0648330058939096,0,0
"42",0,0,0,0.000555247084952804,0,0,0,0,0,0,0,0.0449750138811771,0,0.171571349250416,0,0,0,0.0260966129927818,0,0,0,0.0966129927817879,0,0.0810660744031094,0,0,0.0105496946141033,0,0.00610771793448084,0,0.0222098833981122,0,0,0,0.0349805663520267,0,0,0,0,0,0.0699611327040533,0,0,0.233203775680178,0,0,0.169905607995558,0,0,0.0322043309272626
"43",0,0.0130718954248366,0,0,0,0,0.017516339869281,0.000261437908496732,0.00575163398692811,0,0,0.145359477124183,0,0.128366013071895,0,0,0.00496732026143791,0.0287581699346405,0,0,0,0,0,0.00392156862745098,0,0,0.00601307189542484,0.0130718954248366,0.277908496732026,0,0.000784313725490196,0.00705882352941176,0.12078431372549,0.0143790849673203,0.00366013071895425,0.00366013071895425,0.00339869281045752,0.00836601307189543,0.00470588235294118,0,0.0541176470588235,0,0.00575163398692811,0.0250980392156863,0,0.00836601307189543,0.0188235294117647,0.0726797385620915,0.00130718954248366,0.00209150326797386
"44",0,0.0179119754350051,0.00562947799385875,0,0,0,0,0.360116001364722,0,0,0,0.0690890481064483,0,0.173660866598431,0,0,0,0.100307062436029,0,0,0,0.00136472193790515,0,0.00665301944728762,0,0.000682360968952576,0,0.00511770726714432,0.00460593654042989,0.0170590242238144,0,0,0,0.0121119071989082,0.0424769703172979,0,0,0,0.0172296144660525,0,0.124189696349369,0,0,0.0168884339815763,0.0117707267144319,0.00631183896281133,0.00238826339133402,0,0,0.00443534629819174
"45",0,0,0,0,0,0.0022883295194508,0,0,0.00028604118993135,0,0,0.137871853546911,0,0.136155606407323,0.316647597254005,0,0,0.257437070938215,0,0,0,0.00371853546910755,0,0,0,0,0,0,0.00600686498855835,0,0.00085812356979405,0,0,0,0.0148741418764302,0.0005720823798627,0,0,0.0017162471395881,0,0.100686498855835,0,0,0.011441647597254,0.00657894736842105,0,0.00085812356979405,0,0,0.00200228832951945
"46",0,0.0145492038034139,0,0,0,0,0,0.0430748081108947,0.000572803299347004,0.000343681979608203,0,0.0576240119143086,0,0.0910757245961737,0,0,0,0.0441058540497193,0,0,0,0.000229121319738802,0,0,0,0,0,0.00710276091190285,0.00435330507503723,0.00985221674876847,0.000114560659869401,0,0,0,0.0326497880627792,0.000229121319738802,0,0,0.576927483102303,0,0.0658723794249055,0,0,0.0389506243555963,0,0,0.0119143086264177,0.000458242639477603,0,0
"47",0,0,0,0,0,0,0.000694444444444444,0.00138888888888889,0,0,0,0.0284722222222222,0,0.172222222222222,0,0,0,0.05625,0,0,0,0.127083333333333,0,0.00138888888888889,0,0,0.000694444444444444,0,0.0576388888888889,0,0.0111111111111111,0.0111111111111111,0,0,0.0291666666666667,0.0208333333333333,0,0,0,0,0.142361111111111,0,0,0.156944444444444,0.169444444444444,0.000694444444444444,0.00555555555555556,0.00208333333333333,0,0.00486111111111111
"48",0,0.0559610705596107,0,0,0,0,0.0024330900243309,0,0,0,0,0.0510948905109489,0,0.145985401459854,0,0,0,0.0194647201946472,0,0,0.0048661800486618,0.121654501216545,0.0072992700729927,0,0,0,0,0,0,0.0097323600973236,0.0389294403892944,0,0,0,0.0340632603406326,0,0,0,0.21654501216545,0,0.0510948905109489,0,0,0.204379562043796,0,0,0.0316301703163017,0,0.0048661800486618,0
"49",0.00185931205453982,0,0.00123954136969321,0,0,0.0167338084908584,0.0176634645181283,0.00433839479392625,0,0,0,0.110938952587543,0,0.111558723272389,0,0,0,0.161450263402541,0.000619770684846607,0,0,0.0148744964363186,0.00743724821815928,0,0,0.00185931205453982,0.00185931205453982,0.0170436938332817,0.0254105980787109,0.00216919739696312,0.0164239231484351,0.30678648899907,0,0,0.010226216299969,0,0,0,0,0,0.0712736287573598,0,0.0089866749302758,0.0247908273938643,0.000309885342423303,0,0.0455531453362256,0.00712736287573598,0.00154942671211652,0.00991633095754571
"50",0,0,0,0,0.0219028062970568,0,0.0177960301163587,0.0102669404517454,0.000684462696783025,0,0,0.167008898015058,0,0.113620807665982,0,0,0.0232717316906229,0.0561259411362081,0,0,0,0.125941136208077,0,0,0,0,0.0253251197809719,0.0219028062970568,0.158110882956879,0.0198494182067077,0.00205338809034908,0.0219028062970568,0,0,0.00616016427104723,0.0082135523613963,0.0164271047227926,0.000684462696783025,0,0,0.0383299110198494,0,0.0109514031485284,0.0205338809034908,0,0.0314852840520192,0.0143737166324435,0.0520191649555099,0.0136892539356605,0.00136892539356605
"51",0.0022002200220022,0,0.00247524752475248,0,0,0.0055005500550055,0,0,0,0,0,0.0783828382838284,0,0.158965896589659,0,0,0,0.151540154015402,0,0,0,0.00055005500550055,0,0,0,0,0,0,0.0522552255225523,0,0,0.00467546754675468,0,0,0.0101760176017602,0,0,0.0115511551155116,0,0,0.0907590759075908,0,0,0.0200770077007701,0.357535753575357,0.000825082508250825,0.0429042904290429,0.00825082508250825,0.00137513751375138,0
"52",0,0,0,0,0,0,0,0.00622498888394842,0.000889284126278346,0,0.000444642063139173,0.128056914184082,0,0.154290795909293,0,0,0,0.095153401511783,0,0,0,0.0164517563361494,0,0,0,0,0,0.0115606936416185,0.144064028457092,0.0115606936416185,0,0.293019119608715,0.0173410404624277,0,0.00311249444197421,0,0.010226767452201,0,0,0.00266785237883504,0.0435749221876389,0,0,0.0235660293463762,0,0,0.00400177856825256,0.0337927967985771,0,0
"53",0.00363997352746525,0,0.000330906684315023,0,0,0,0.376902713434811,0,0.000992720052945069,0,0,0.133024487094639,0,0.149900727994705,0,0,0,0.0248180013236267,0,0,0,0.0043017868960953,0,0,0,0,0.00694904037061549,0,0.0499669093315685,0.00661813368630046,0,0,0,0,0.00529450694904037,0.0175380542686962,0,0,0,0,0.133686300463269,0,0,0.0135671740569159,0,0.00727994705493051,0.0119126406353408,0.0327597617471873,0.0201853077432164,0.000330906684315023
"54",0,0.00498687664041995,0,0,0,0.00078740157480315,0,0.0141732283464567,0,0,0,0.0847769028871391,0.0288713910761155,0.141994750656168,0,0,0,0.0480314960629921,0,0,0.0026246719160105,0.00026246719160105,0,0,0,0.0690288713910761,0.00656167979002625,0.296850393700787,0.0461942257217848,0.0120734908136483,0.0267716535433071,0.020997375328084,0.00236220472440945,0.0057742782152231,0.0005249343832021,0,0,0,0,0,0.0566929133858268,0,0.00131233595800525,0.00708661417322835,0,0.0120734908136483,0.0120734908136483,0.0968503937007874,0.00026246719160105,0
"55",0.000438500328875247,0.00065775049331287,0,0,0.239421179565885,0,0.00350800263100197,0.176057882043412,0.00263100197325148,0,0,0.156763867572901,0,0.101732076299057,0,0,0,0.0427537820653366,0,0,0,0.00065775049331287,0.000438500328875247,0,0,0,0.000219250164437623,0.0124972593729445,0.12826134619601,0.0094277570708178,0.00416575312431484,0,0,0,0.00504275378206534,0,0,0,0.0155667616750713,0,0.0841920631440474,0.00153475115106336,0.000219250164437623,0,0,0,0.00570050427537821,0.00526200394650296,0.00263100197325148,0.000219250164437623
"56",0,0.00212314225053079,0.000353857041755131,0,0.230714791224345,0.000353857041755131,0,0.0254777070063694,0.00141542816702052,0,0,0.255484784147205,0.00283085633404105,0.116772823779193,0,0,0,0.0329087048832272,0.000353857041755131,0.0159235668789809,0,0.00849256900212314,0.0176928520877565,0,0,0,0.0123849964614296,0.0258315640481246,0.0421089879688606,0.00672328379334749,0.00176928520877565,0.00707714083510262,0,0,0,0,0.0353857041755131,0.00601556970983723,0,0,0.0488322717622081,0,0.013446567586695,0.0145081387119604,0,0.00106157112526539,0.00849256900212314,0.0619249823071479,0,0.00353857041755131
"57",0.000558815311539536,0.00307348421346745,0,0,0,0.0159262363788768,0,0.00363229952500699,0.00474993014808606,0,0,0.128248113998324,0,0.0832634814193909,0,0,0,0.146130203967589,0,0,0,0,0.00949986029617212,0,0,0.0240290583962001,0.010896898575021,0,0.0600726459905001,0,0.00111763062307907,0.0114557138865605,0,0.00726459905001397,0,0.0184409052808047,0,0.245878737077396,0,0,0.0737636211232188,0.000558815311539536,0.0148086057557977,0.0340877340039117,0.0187203129365745,0.00251466890192791,0.0528080469404862,0.0226320201173512,0,0.00586756077116513
"58",0,0.0100125156445557,0,0,0,0.263245723821443,0.000208594075928244,0,0.0158531497705465,0,0,0.0168961201501877,0,0.0690446391322486,0,0,0,0.0661243220692532,0,0,0,0.00584063412599082,0,0,0,0,0,0.0129328327075511,0.217146433041302,0,0,0.0851063829787234,0,0,0.000208594075928244,0.0173133083020442,0,0.00250312891113892,0,0,0.133291614518148,0,0,0.0158531497705465,0.000208594075928244,0.000208594075928244,0.0675844806007509,0,0,0.000417188151856487
"59",0,0,0.0196623634558093,0,0,0.366633565044687,0,0,0.00595829195630586,0,0,0.0415094339622641,0,0.148162859980139,0,0.00595829195630586,0,0.0168818272095333,0,0,0,0.0446871896722939,0,0,0,0,0,0,0.0224428997020854,0,0.00774577954319762,0,0.00238331678252234,0,0.0154915590863952,0.00714995034756703,0,0.000794438927507448,0,0.00099304865938431,0.0711022840119166,0,0.000198609731876862,0.0695134061569017,0,0,0.125521350546177,0,0.0041708043694141,0.023038728897716
"60",0.0167330677290837,0,0.00398406374501992,0,0,0,0,0,0,0.229482071713147,0,0.169721115537849,0.0119521912350598,0.105179282868526,0.0119521912350598,0,0.00398406374501992,0.0812749003984064,0,0,0,0.0764940239043825,0,0.00318725099601594,0,0.00796812749003984,0.0239043824701195,0.00717131474103586,0.0247011952191235,0.0159362549800797,0.00956175298804781,0.0047808764940239,0,0.00796812749003984,0.0135458167330677,0,0,0,0,0,0.0669322709163347,0,0.0239043824701195,0.0262948207171315,0,0,0.0358565737051793,0.00956175298804781,0,0.00796812749003984
"61",0,0.00580411124546554,0,0,0,0.00193470374848851,0,0,0,0,0,0.0261185006045949,0.000483675937122128,0.0931076178960097,0.00870616686819831,0,0,0.0969770253929867,0,0,0.00435308343409915,0.0094316807738815,0,0,0,0,0.000967351874244256,0,0.00386940749697703,0,0.00580411124546554,0,0,0,0,0.000967351874244256,0,0.431197097944377,0,0.026360338573156,0.163966142684401,0,0,0.0169286577992745,0,0.000725513905683192,0.101330108827086,0,0.000967351874244256,0
"62",0,0,0,0,0,0,0.0026267402153927,0,0.00026267402153927,0.00919359075387444,0,0.131337010769635,0.00157604412923562,0.120042027843446,0.00026267402153927,0,0,0.0538481744155503,0,0,0,0.013659049120042,0,0.000788022064617809,0,0,0.00210139217231416,0,0.0267927501970055,0.00341476228001051,0,0.00052534804307854,0.510375623850801,0,0.00026267402153927,0.00026267402153927,0,0.00026267402153927,0,0.00367743630154978,0.0517467822432361,0,0.00499080640924613,0.0391384292093512,0,0.00105069608615708,0.00394011032308905,0.0173364854215918,0.00052534804307854,0
"63",0,0.00123992560446373,0,0,0,0.00123992560446373,0,0,0,0.0161190328580285,0,0.14631122132672,0.00247985120892746,0.117792932424055,0,0,0.0167389956602604,0.0533168009919405,0,0,0,0.0384376937383757,0,0,0,0,0,0.00495970241785493,0.0719156850588965,0,0,0,0.36887786732796,0,0.000619962802231866,0,0,0,0,0,0.050836949783013,0,0.0545567265964042,0.0173589584624923,0,0,0.00495970241785493,0.0316181029138252,0.000619962802231866,0
"64",0,0,0,0,0.00949367088607595,0,0,0.00116588940706196,0,0.0228181212524983,0,0.155229846768821,0,0.120253164556962,0.00483011325782811,0,0.00549633577614923,0.0591272485009993,0,0,0.000499666888740839,0.00383077948034644,0,0,0,0,0,0.0104930046635576,0.0229846768820786,0.00283144570286476,0,0.00399733510992672,0.418221185876083,0.00899400399733511,0.00799467021985343,0,0,0.00266489007328448,0,0.00199866755496336,0.0341439040639574,0,0.0223184543637575,0.0251499000666223,0,0.00183211192538308,0,0.0526315789473684,0.00033311125916056,0.000666222518321119
"65",0,0.000287273771904625,0.00287273771904625,0,0.359954036196495,0,0,0,0,0.00632002298190175,0,0.192760700948003,0,0.0945130709566217,0,0,0,0.075840275782821,0,0,0,0.000287273771904625,0,0,0,0.0011490950876185,0,0.006894570525711,0.0126400459638035,0,0,0,0.0959494398161448,0,0.000287273771904625,0,0,0,0,0,0.0476874461361678,0,0.00143636885952313,0.0192473427176099,0,0,0.00488365412237863,0.0746911806952025,0.0011490950876185,0.0011490950876185
"66",0,0.00072846476051721,0,0,0,0,0,0,0,0.0132944818794391,0,0.114186851211073,0,0.128938262611546,0,0,0,0.102167182662539,0,0.00291385904206884,0,0.0129302494991805,0,0,0,0.114551083591331,0,0.0074667637953014,0.0453469313421963,0,0,0.0136587142596977,0.00582771808413768,0,0,0,0,0.000910580950646512,0,0,0.0391549808778,0.00546348570387907,0,0.049353487525041,0.0071025314150428,0.00273174285193954,0.0183937352030595,0.312147149881624,0.00127481333090512,0.00145692952103442
"67",0,0,0,0,0,0.000505944852011131,0,0,0,0.0700733620035416,0.287882620794333,0.052365292183152,0,0.13862888945105,0,0,0,0.102959777384265,0,0,0,0.0548950164432077,0,0,0,0,0.000758917278016696,0.000505944852011131,0.00834809005818366,0,0.0338983050847458,0,0,0,0,0.0204907665064508,0,0,0,0,0.160131545661523,0,0.00758917278016696,0.0123956488742727,0,0.000505944852011131,0.0311156083986845,0,0.0149253731343284,0.00202377940804452
"68",0,0,0.0115400755350399,0,0,0.00965169953839698,0,0,0.0014687368862778,0,0,0.0321023919429291,0,0.152119177507344,0,0,0,0.102811582039446,0,0,0,0.0163659253042384,0.0373478808224927,0.421737305916911,0,0,0.00713386487620646,0,0.00755350398657155,0,0.000209819555182543,0,0,0,0.000419639110365086,0.0415442719261435,0,0,0,0,0.110155266470835,0,0.000419639110365086,0.0134284515316828,0,0,0.0323122114981116,0,0.00104909777591272,0.000629458665547629
"69",0,0,0,0,0,0.000896057347670251,0,0.00537634408602151,0.00806451612903226,0.0017921146953405,0,0.0878136200716846,0,0.145161290322581,0,0,0,0.0878136200716846,0,0,0,0.195340501792115,0.0224014336917563,0,0,0,0,0,0.003584229390681,0,0.00537634408602151,0,0,0,0,0.000896057347670251,0,0.0017921146953405,0,0,0.10573476702509,0,0.000896057347670251,0.0654121863799283,0.00627240143369176,0,0.0716845878136201,0.00537634408602151,0.0241935483870968,0.154121863799283
"70",0.000180995475113122,0,0,0,0,0,0.00307692307692308,0.00796380090497738,0,0,0,0.0705882352941176,0.000180995475113122,0.111855203619909,0.0108597285067873,0.00126696832579186,0.00108597285067873,0.0568325791855204,0,0,0.000180995475113122,0,0,0,0,0,0,0.000361990950226244,0,0,0,0,0,0.00361990950226244,0.071131221719457,0,0,0.0110407239819005,0.00868778280542986,0.506606334841629,0.0928506787330317,0,0.00868778280542986,0.0257013574660633,0.00289592760180995,0,0.00416289592760181,0.000180995475113122,0,0
"71",0,0,0,0.0748329621380846,0,0,0,0,0,0.00044543429844098,0,0.0298440979955457,0,0.104231625835189,0.00178173719376392,0,0,0.0458797327394209,0,0,0,0,0,0,0,0,0.00489977728285078,0,0.00089086859688196,0,0,0.00133630289532294,0,0,0,0,0.00044543429844098,0.00267260579064588,0,0.595991091314031,0.124721603563474,0,0,0.0102449888641425,0,0,0.00178173719376392,0,0,0
"72",0,0,0,0,0,0,0,0,0.00320512820512821,0,0,0.0341880341880342,0,0.150641025641026,0,0,0,0.0854700854700855,0,0,0,0.0555555555555556,0,0,0,0,0,0,0.00854700854700855,0,0,0,0,0,0.00106837606837607,0,0,0,0,0.361111111111111,0.202991452991453,0,0,0.014957264957265,0,0,0.0790598290598291,0,0,0.00320512820512821
"73",0,0,0.000419111483654652,0,0,0.19907795473596,0,0,0,0.00293378038558256,0,0.0699916177703269,0,0.176865046102263,0.000419111483654652,0.0117351215423303,0.000419111483654652,0.0381391450125733,0.000419111483654652,0,0,0.0666387259010897,0.00544844928751048,0.00544844928751048,0,0,0.00544844928751048,0,0.028918692372171,0,0.000419111483654652,0.000838222967309304,0,0,0,0,0,0,0,0,0.0465213746856664,0,0,0.0817267393126572,0,0,0.229253981559095,0.000419111483654652,0.0284995808885163,0
"74",0,0.0234146341463415,0,0,0,0.00878048780487805,0.000975609756097561,0,0.00195121951219512,0.0907317073170732,0,0.103414634146341,0,0.129756097560976,0,0,0.0351219512195122,0.0936585365853659,0.0048780487804878,0,0,0.0214634146341463,0,0,0,0,0.00682926829268293,0,0.297560975609756,0.000975609756097561,0,0,0,0,0.00878048780487805,0,0,0,0,0,0.131707317073171,0,0,0.0107317073170732,0,0,0.0292682926829268,0,0,0
"75",0,0,0,0,0,0.000371885459278542,0,0,0,0,0,0.0881368538490145,0,0.200818148010413,0,0,0,0.00334696913350688,0,0,0,0.00334696913350688,0.000743770918557084,0,0,0,0.0122722201561919,0.156935663815545,0.0297508367422834,0,0.0338415767943473,0,0.00111565637783563,0.00111565637783563,0.0174786165860915,0,0,0.00409074005206396,0,0,0.0736333209371514,0,0.000743770918557084,0.0342134622536259,0,0,0.0223131275567125,0.258460394198587,0.0230568984752696,0.0342134622536259
"76",0.00728597449908925,0,0.00510018214936248,0.0127504553734062,0,0,0.000364298724954463,0,0,0,0,0.0418943533697632,0,0.0987249544626594,0,0,0,0.0316939890710383,0,0,0,0.0229508196721311,0.0477231329690346,0.0058287795992714,0,0,0,0,0.00109289617486339,0,0.000364298724954463,0.0211293260473588,0,0,0.00218579234972678,0,0,0.014207650273224,0,0.469945355191257,0.191621129326047,0,0,0.0163934426229508,0,0.0029143897996357,0.0058287795992714,0,0,0
"77",0,0.023121387283237,0,0,0,0.182080924855491,0,0,0.00867052023121387,0,0.0375722543352601,0.15606936416185,0,0.124277456647399,0,0.00578034682080925,0,0.00867052023121387,0,0,0.00289017341040462,0.0780346820809249,0,0,0,0,0,0,0.0260115606936416,0,0,0,0,0,0.0404624277456647,0,0,0,0,0,0.023121387283237,0,0.0202312138728324,0.130057803468208,0,0,0.132947976878613,0,0,0
"78",0,0,0,0,0,0.0246478873239437,0,0,0,0,0,0.0328638497652582,0.186032863849765,0.188967136150235,0.00352112676056338,0.0205399061032864,0,0.0234741784037559,0,0,0,0.0129107981220657,0.0199530516431925,0,0.00469483568075117,0,0.00880281690140845,0,0.000586854460093897,0,0.011150234741784,0,0,0,0.0933098591549296,0.00821596244131455,0,0,0,0,0.140258215962441,0,0,0.0105633802816901,0,0,0.178990610328638,0,0.0181924882629108,0.0123239436619718
"79",0,0,0,0,0,0,0,0,0,0.0144927536231884,0,0.0890269151138716,0,0.109730848861284,0,0,0,0.293995859213251,0,0,0,0.0372670807453416,0,0,0,0,0.0041407867494824,0,0.0786749482401656,0,0.020703933747412,0.0165631469979296,0,0,0.0041407867494824,0,0,0.0082815734989648,0,0.242236024844721,0.0559006211180124,0,0,0.0062111801242236,0,0.0020703933747412,0.0062111801242236,0.010351966873706,0,0
"80",0,0.0139840182648402,0,0,0,0.0108447488584475,0,0.0134132420091324,0,0.00342465753424658,0,0.0556506849315068,0,0.205194063926941,0,0.00171232876712329,0,0.0468036529680365,0,0,0,0.00399543378995434,0.00142694063926941,0,0,0,0,0,0.0356735159817352,0,0,0.267979452054795,0,0,0.016837899543379,0,0,0,0,0,0.0442351598173516,0,0.00285388127853881,0.103310502283105,0,0,0.0684931506849315,0.0736301369863014,0.00342465753424658,0.0271118721461187
"81",0,0,0.092786683107275,0,0,0.273736128236745,0,0,0.0209617755856967,0.00339087546239211,0,0.0394574599260173,0,0.121763255240444,0.00554870530209618,0.00585696670776819,0,0.0280517879161529,0,0,0,0.00801479654747226,0.00462392108508015,0,0.0194204685573366,0,0,0.00061652281134402,0.0114056720098644,0,0.00061652281134402,0,0.00462392108508015,0,0.0104808877928483,0.0203452527743527,0,0,0,0,0.0921701602959309,0.0184956843403206,0,0.111282367447596,0.030517879161529,0.00277435265104809,0.0672009864364981,0,0,0.00585696670776819
"82",0,0,0,0,0,0.00845751107531212,0,0,0,0,0,0.0185259766411599,0.0330245670559807,0.130890052356021,0,0,0,0.00845751107531212,0,0,0.00805477245267821,0.026983487716472,0.00684655658477648,0.00402738622633911,0,0.00201369311316955,0,0,0.0338300443012485,0,0.0346355215465163,0,0,0,0.000402738622633911,0,0,0,0,0,0.0668546113572292,0,0,0.209424083769634,0.221506242448651,0,0.115183246073298,0.0217478856222312,0.00523560209424084,0.0438985098670963
"83",0,0,0,0,0,0.00626361655773421,0,0.00231481481481482,0.00190631808278867,0.00136165577342048,0,0.0373093681917211,0,0.0867374727668845,0,0,0,0.0910947712418301,0,0,0,0.00912309368191721,0,0.000544662309368192,0.00122549019607843,0.00531045751633987,0,0,0.0230119825708061,0,0.000136165577342048,0,0,0.00354030501089325,0,0.0156590413943355,0,0,0,0,0.0977668845315904,0.561274509803922,0,0.0358115468409586,0,0,0.0164760348583878,0.000544662309368192,0.000272331154684096,0.00231481481481482
"84",0.00439319055464031,0.0071389346512905,0,0,0,0,0,0,0.00274574409665019,0,0,0.0411861614497529,0,0.115870400878638,0,0,0.00933552992861065,0.109829763866008,0,0.00274574409665019,0,0.000549148819330038,0,0,0,0,0.0247116968698517,0.0219659527732015,0.151015925315761,0.0774299835255354,0.00329489291598023,0.263591433278418,0,0,0.00109829763866008,0.014277869302581,0,0.00219659527732015,0,0,0.115321252059308,0,0,0.013728720483251,0.00604063701263042,0,0.00768808347062054,0.00384404173531027,0,0
"85",0,0.402597402597403,0.038961038961039,0,0,0.012987012987013,0,0,0,0.012987012987013,0,0,0,0.12987012987013,0,0,0,0.194805194805195,0,0,0,0,0,0,0,0,0,0,0,0,0,0,0,0,0,0,0,0,0,0,0.0649350649350649,0,0,0.0649350649350649,0.025974025974026,0,0.038961038961039,0.012987012987013,0,0
"86",0.00101078167115903,0,0,0,0,0.000505390835579515,0.000168463611859838,0.340633423180593,0,0,0,0.102425876010782,0,0.1044474393531,0,0,0,0.128537735849057,0,0,0.000168463611859838,0.00101078167115903,0,0.000842318059299191,0,0,0,0.123315363881402,0.0390835579514825,0.00673854447439353,0,0,0,0.00235849056603774,0.00606469002695418,0,0,0.00101078167115903,0.0212264150943396,0,0.105458221024259,0.00421159029649596,0,0.00774932614555256,0.00303234501347709,0,0,0,0,0
"87",0,0.0104726861024625,0,0,0,0,0,0.00622700254741013,0,0,0,0.0362298330031135,0,0.146051514293801,0.000283045570336824,0,0,0.0206623266345882,0,0,0,0.00594395697707331,0,0,0,0,0,0.0186810076422304,0.0707613925842061,0,0.000283045570336824,0.381262383243702,0,0,0.0577412963487121,0,0,0,0,0,0.0376450608547976,0,0,0.082083215397679,0.00169827342202095,0,0.0651004811774696,0.0317011038777243,0.0175488253608831,0.00962354939145202
"88",0.00189393939393939,0,0,0,0,0.0378787878787879,0,0,0.170454545454545,0,0,0.0315656565656566,0,0.109848484848485,0,0,0,0.109848484848485,0,0,0.000631313131313131,0.00505050505050505,0.000631313131313131,0.279671717171717,0,0,0,0,0,0,0.014520202020202,0,0,0,0.00883838383838384,0,0,0.0151515151515152,0.000631313131313131,0.0138888888888889,0.0631313131313131,0,0,0.0549242424242424,0,0.00315656565656566,0.0751262626262626,0,0.000631313131313131,0.00252525252525253
"89",0,0,0,0,0,0,0,0,0,0.00553309214726538,0.000425622472866567,0.05703341136412,0,0.144711640774633,0,0.0012768674185997,0,0.072781442860183,0,0,0,0.00723558203873165,0,0,0,0,0.0012768674185997,0,0.0125558629495637,0,0.00574590338369866,0.00425622472866567,0.0121302404766972,0.525218131517344,0.00574590338369866,0,0,0.00532028091083209,0,0,0.102575015960843,0,0,0.0134071078952969,0.00191530112789955,0,0.0208555011704618,0,0,0
"90",0.00359209738575135,0,0,0,0,0,0,0,0,9.97804829375374e-05,0,0.0372181201357015,0,0.102773897425664,0,0,0,0.0395130712432648,0,0,0,0.0117740969866294,0,0,0,0,9.97804829375374e-05,0,0.00898024346437837,0,0.0131710237477549,0,0,0,9.97804829375374e-05,0.601975653562163,0,0,0,0,0.133805627619238,0,0,0.0113749750548793,0,0.00299341448812612,0.0315306326082618,0.000299341448812612,0.000598682897625224,9.97804829375374e-05
"91",0,0.00198098256735341,0.36608557844691,0,0,0.000792393026941363,0.0701267828843106,0,0.00792393026941363,0,0,0.0578446909667195,0,0.123217115689382,0,0.00158478605388273,0,0.0194136291600634,0,0,0,0.000792393026941363,0,0,0,0,0,0,0.00673534072900159,0,0.0138668779714739,0.00198098256735341,0,0,0.126386687797147,0.00515055467511886,0,0,0,0,0.0404120443740095,0,0.00475435816164818,0.0336767036450079,0.00396196513470681,0.0324881141045959,0.0558637083993661,0.00158478605388273,0.0178288431061807,0.00554675118858954
"92",0,0.00900900900900901,0,0,0,0.0228690228690229,0,0,0.00207900207900208,0,0,0.00554400554400554,0.0145530145530146,0.140679140679141,0,0,0,0.00554400554400554,0,0,0.0297990297990298,0.178794178794179,0,0,0,0,0.0138600138600139,0,0.0124740124740125,0.00138600138600139,0.0124740124740125,0,0,0,0,0,0.000693000693000693,0.00554400554400554,0,0,0.0873180873180873,0,0,0.0187110187110187,0,0,0.296604296604297,0.027027027027027,0.0304920304920305,0.0845460845460845
"93",0.0102769055095632,0,0,0,0,0.00399657436483015,0,0,0,0,0,0.0465315443905224,0,0.0856408792463603,0,0,0,0.0722238081644305,0,0,0,0.00827861832714816,0,0,0.514987153868113,0,0.00513845275478162,0,0.0102769055095632,0,0,0,0,0,0.000856408792463603,0.047387953182986,0,0,0,0,0.172994576077648,0,0.000285469597487868,0.00256922637739081,0,0,0.0168427062517842,0,0.00171281758492721,0
"94",0.0190660403426361,0.011605415860735,0.000552638850511191,0,0,0.0204476374689141,0,0,0.000276319425255595,0.0063553467808787,0,0.0370268029842498,0,0.0765404807957999,0,0,0.0157502072395689,0.0696324951644101,0,0,0,0.00386847195357834,0,0,0.00414479137883393,0,0,0.0154738878143133,0.367504835589942,0.00359215252832274,0.00110527770102238,0.177397071014092,0,0,0,0.00773694390715667,0,0,0,0,0.117988394584139,0,0,0,0,0.0212765957446809,0.00580270793036751,0.0168554849405913,0,0
"95",0.00155128950940469,0,0.000387822377351173,0,0,9.69555943377933e-05,0,0.00533255768857863,0,0,0,0.0258871436881908,0,0.152220283110335,0,0,0,0.0227845646693814,0,0,0.000193911188675587,0.1405856117898,0.00213302307543145,0,0,0,0.00455691293387629,0,0.0480899747915455,0.00106651153771573,0.0166763622261004,0.00610820244328098,0,0,0.0227845646693814,0.00387822377351173,0,0,0,0,0.0703897614892379,0,0,0.0338375024238899,0.00494473531122746,0,0.0446965289897227,0.0199728524335854,0.36028698855924,0.0115377157261974
"96",0,0,0.000972447325769854,0,0,0.0204213938411669,0,0,0.282333873581848,0,0,0.0249594813614263,0,0.120259319286872,0,0.00745542949756888,0,0.0226904376012966,0,0,0.0920583468395462,0.0100486223662885,0.000648298217179903,0.00810372771474878,0,0,0,0,0.000324149108589951,0,0.0113452188006483,0.0152350081037277,0,0.00291734197730956,0.0320907617504052,0.000324149108589951,0,0,0,0,0.0654781199351702,0,0,0.0615883306320908,0.00259319286871961,0.00356564019448947,0.205186385737439,0.000972447325769854,0.00356564019448947,0.00486223662884927
"97",0,0,0,0,0,0.00724956063268893,0,0.00241652021089631,0,0,0,0.0206502636203866,0,0.14323374340949,0,0.000219683655536028,0,0.0114235500878735,0,0,0.179920913884007,0.14103690685413,0.015597539543058,0.00109841827768014,0,0,0,0.000219683655536028,0.0103251318101933,0,0.0107644991212654,0,0,0,0,0,0,0.00285588752196837,0,0,0.0718365553602812,0.00241652021089631,0,0.132469244288225,0.0054920913884007,0,0.158611599297012,0.0162565905096661,0.0369068541300527,0.0289982425307557
"98",0,0,0,0.0126582278481013,0,0,0,0,0.00105485232067511,0,0,0.0147679324894515,0,0.169831223628692,0,0,0,0.00210970464135021,0,0,0.39662447257384,0.100210970464135,0,0,0,0,0,0,0.00105485232067511,0,0.00210970464135021,0,0,0,0.0348101265822785,0.00210970464135021,0,0,0,0,0.122362869198312,0,0,0.0316455696202532,0,0.0253164556962025,0.0379746835443038,0,0.0453586497890295,0
"99",0,0.00275482093663912,0.000550964187327824,0,0,0,0,0,0,0,0,0.0176308539944904,0,0.194490358126722,0,0,0,0.000550964187327824,0,0,0.0506887052341598,0.0347107438016529,0,0,0,0.000550964187327824,0.00165289256198347,0,0.037465564738292,0,0,0,0,0.000550964187327824,0,0.0203856749311295,0.00110192837465565,0,0,0,0.181818181818182,0,0,0.00440771349862259,0,0.272727272727273,0.137741046831956,0,0.0402203856749311,0
"100",0.00323101777059774,0,0.00053850296176629,0,0,0.00053850296176629,0,0,0.0161550888529887,0,0,0.0269251480883145,0.00053850296176629,0.195476575121163,0,0,0,0.00161550888529887,0,0,0.271943995691976,0.0317716747442111,0.0172320947765213,0,0,0,0,0,0.00107700592353258,0,0,0.00430802369413032,0,0,0.00269251480883145,0.0581583198707593,0,0,0,0,0.138395261173936,0,0,0.00861604738826064,0.00484652665589661,0.0102315562735595,0.185245018847604,0.00376952073236403,0.016693591814755,0
"101",0.367173252279635,0.00820668693009119,0.0103343465045593,0,0,0.00577507598784195,0.00592705167173252,0.00927051671732523,0,0.020516717325228,0,0.1,0,0.103191489361702,0,0,0,0.111094224924012,0,0,0,0.017629179331307,0.013677811550152,0.00653495440729483,0.0138297872340426,0,0.00638297872340426,0.000303951367781155,0.0335866261398176,0,0,0.00562310030395137,0,0,0,0,0,0.00805471124620061,0,0,0.0977203647416413,0.000151975683890578,0.00987841945288754,0.0214285714285714,0.00319148936170213,0.00288753799392097,0.0106382978723404,0.00531914893617021,0.00167173252279635,0
"102",0,0,0,0,0,0,0,0,0,0,0,0.0565893448891155,0.00101962783583992,0.185062452204945,0,0,0,0.00611776701503951,0,0,0.335967371909253,0,0.00178434871271986,0,0,0,0,0.106041294927352,0.0935508539383125,0,0.0300790211572776,0.00356869742543971,0,0,0.00917665052255927,0.0234514402243181,0,0.00025490695895998,0,0,0.0486872291613561,0,0.000764720876879939,0,0.00025490695895998,0,0.0583736936018353,0.0155493244965588,0.0237063471832781,0
"103",0,0,0.00104712041884817,0,0,0,0,0,0,0,0,0.012565445026178,0.000523560209424084,0.166230366492147,0,0,0,0.0638743455497382,0,0,0,0.0287958115183246,0.000523560209424084,0,0.000261780104712042,0,0,0,0.000261780104712042,0,0.391623036649215,0,0,0,0.0552356020942408,0,0,0.0159685863874346,0,0,0.0905759162303665,0,0,0.0848167539267016,0.012303664921466,0,0.0570680628272251,0,0,0.0183246073298429
"104",0.00092038656235619,0,0,0,0,0,0.00138057984353428,0,0.00782328578002761,0.00322135296824666,0,0.120570639668661,0.000460193281178095,0.274275195582145,0,0,0,0.00276115968706857,0,0,0.188679245283019,0.0322135296824666,0,0,0,0,0,0.000460193281178095,0.131155085135757,0,0,0,0,0,0.0188679245283019,0,0,0.00368154624942476,0,0,0.0934192360791532,0,0,0.00368154624942476,0.00322135296824666,0.014726184997699,0.0391164289001381,0.02899217671422,0.0211688909341924,0.0092038656235619
"105",0,0.000629194630872483,0,0,0,0,0,0,0,0,0,0.0132130872483221,0.00293624161073826,0.0809563758389262,0,0.00587248322147651,0,0.00125838926174497,0.000209731543624161,0,0.412332214765101,0.0100671140939597,0,0,0,0,0,0,0.000629194630872483,0,0,0.000419463087248322,0,0,0.0157298657718121,0,0,0.0085989932885906,0,0,0.0910234899328859,0,0,0.0239093959731544,0,0.0111157718120805,0.319630872483221,0.00104865771812081,0.000419463087248322,0
"106",0,0,0.00211752249867655,0,0,0.00211752249867655,0,0,0,0.00158814187400741,0,0.042350449973531,0,0.0847008999470619,0,0,0,0.00899947061937533,0,0,0.228692429857067,0.0412916887241927,0,0.000529380624669137,0,0,0,0.00105876124933827,0.00158814187400741,0.00529380624669137,0.00105876124933827,0.00158814187400741,0,0,0.0434092112228692,0.00105876124933827,0,0.00105876124933827,0,0,0.0174695606140815,0,0.015352038115405,0.275277924827951,0,0,0.121757543673902,0.023292747485442,0.0455267337215458,0.0328215987294865
"107",0.000388953714507974,0,0,0,0,0.000388953714507974,0,0,0,0.0501750291715286,0,0.00816802800466744,0,0.0707895760404512,0,0,0,0.0159471022948269,0,0,0,0.0186697782963827,0,0.00505639828860366,0,0,0.000777907429015947,0.000388953714507974,0.00350058343057176,0,0.00933488914819136,0,0,0,0,0.394788020225593,0,0,0,0,0.402567094515753,0,0,0.00194476857253987,0.000388953714507974,0,0.014391287436795,0.00233372228704784,0,0
"108",0.00899078444594291,0,0.0110137109462801,0,0,0.000449539222297145,0.429309957293774,0,0,0,0,0.116655428186109,0,0.138008541245224,0,0,0,0.0139357158912115,0,0,0,0.00134861766689144,0,0,0.000224769611148573,0,0,0,0.0260732748932344,0,0,0,0,0,0.0555180939536975,0,0,0,0,0,0.0613621038435603,0,0.0197797257810744,0.032591593616543,0,0.0179815688918858,0.0570914812317375,0.000899078444594291,0.00786693639020005,0.000899078444594291
"109",0,0,0,0,0,0.00248138957816377,0,0,0,0.000275709953129308,0,0.0479735318444996,0,0.210642404190791,0,0,0.00137854976564654,0.0303280948442239,0,0,0,0.0126826578439482,0.00110283981251723,0,0,0,0,0,0.003584229390681,0,0.000551419906258616,0.0154397573752412,0,0,0.0419079128756548,0,0,0,0,0,0.083264405845051,0,0,0.0532120209539564,0.00716845878136201,0.00882271850013785,0.129583677970775,0.00661703887510339,0.0397022332506203,0.303280948442239
"110",0,0,0,0,0,0,0,0.0277264325323475,0.000616142945163278,0,0,0.0628465804066543,0,0.133086876155268,0,0,0,0.0985828712261245,0,0,0,0,0,0,0,0.00308071472581639,0.000616142945163278,0.00308071472581639,0.0455945779420826,0.0240295748613678,0.00184842883548983,0.292051756007394,0,0,0.00308071472581639,0,0,0,0.0166358595194085,0,0.0609981515711645,0,0.0178681454097351,0.0739371534195934,0.0172520024645718,0.0135551447935921,0.0727048675292668,0.0240295748613678,0,0.00677757239679606
"111",0,0,0.006159348301212,0,0,0.000198688654877806,0,0,0.00596065964633419,0,0,0.0466918338962845,0.000794754619511226,0.11861712696205,0,0,0,0.0327836280548381,0.443075700377508,0,0,0.00119213192926684,0,0,0,0,0.00993443274389032,0.000993443274389032,0.0093383667792569,0.000198688654877806,0.00496721637194516,0,0,0,0,0.00437115040731174,0,0.0111265646731572,0,0,0.25094377111067,0,0,0.0111265646731572,0,0.00218557520365587,0.0222531293463143,0,0.0121200079475462,0.00496721637194516
"112",0,0.00345423143350604,0,0,0,0,0,0,0,0.0379965457685665,0,0.149395509499136,0,0.172711571675302,0,0.00259067357512953,0,0.0552677029360967,0.000863557858376511,0,0,0.104490500863558,0.0129533678756477,0,0,0.0492227979274611,0,0,0.0397236614853195,0,0.0181347150259067,0,0,0,0.0967184801381692,0,0,0,0,0.000863557858376511,0.0276338514680484,0,0,0.0647668393782383,0.0103626943005181,0,0.0077720207253886,0.0613126079447323,0,0.0837651122625216
"113",0,0.00389105058365759,0.00222345747637576,0,0,0,0,0,0.00222345747637576,0.000555864369093941,0,0.0366870483602001,0,0.135075041689828,0,0,0,0.108393551973318,0,0.00277932184546971,0,0.0611450806003335,0,0,0,0,0,0,0.0889382990550306,0.0155642023346304,0.0166759310728182,0.360755975541968,0,0,0.000555864369093941,0,0,0,0,0,0.0950528071150639,0,0,0.0194552529182879,0.0100055586436909,0,0.00611450806003335,0.0100055586436909,0.0239021678710395,0
"114",0.000704970038773352,0,0,0,0,0,0.0144518857948537,0,0.000704970038773352,0.000704970038773352,0,0.170955234402538,0,0.0905886499823757,0,0,0.00246739513570673,0.0710257314064152,0,0,0,0,0,0,0,0.000176242509693338,0.00634473034896017,0.00405357772294677,0.0322523792738809,0,0,0,0,0,0.0100458230525203,0.000528727529080014,0,0,0,0,0.0597462107860416,0,0.474268593584773,0.0287275290800141,0,0.000352485019386676,0.00652097285865351,0.0253789213958407,0,0
"115",0.000770267668014635,0.00211823608704025,0,0,0,0.00192566917003659,0.00115540150202195,0,0.00288850375505488,0.0100134796841903,0,0.125938763720393,0.00134796841902561,0.12844213364144,0,0,0,0.0448680916618525,0,0,0,0.377623724244175,0,0,0,0,0,0,0.0304255728865781,0.00192566917003659,0,0,0,0,0.0161756210283073,0.000577700751010976,0,0.000385133834007318,0,0,0.0583477758521086,0,0.00288850375505488,0.0462160600808781,0.00231080300404391,0.0286924706335452,0.0460234931638744,0.0277296360485269,0.024841132293472,0.016368187945311
"116",0,0,0.000620219144097581,0,0,0.000206739714699194,0,0,0,0,0,0.0543725449658879,0.000103369857349597,0.175728757494315,0,0.00702915029977259,0,0.0170560264626835,0,0,0.00516849286747984,0.18461856522638,0,0,0,0,0,0,0.0118875335952036,0.000723589001447178,0.00175728757494315,0,0,0,0.0134380814554476,0,0,0,0,0,0.0421749017986355,0,0.00155054786024395,0.0323547653504238,0,0,0.034112052925367,0.0126111225966508,0.394045896216663,0.0104403555923093
"117",0,0.0132756132756133,0,0,0,0.0118326118326118,0.000288600288600289,0,0,0.0075036075036075,0,0.154112554112554,0.000288600288600289,0.123809523809524,0.0187590187590188,0,0,0.167965367965368,0,0,0,0.0455988455988456,0,0,0,0.012987012987013,0.000288600288600289,0.00115440115440115,0.0998556998556999,0,0.000865800865800866,0.0152958152958153,0,0,0.00317460317460317,0.0135642135642136,0.169119769119769,0.00721500721500722,0,0,0.0528138528138528,0,0.000865800865800866,0.0199134199134199,0.0271284271284271,0,0.0268398268398268,0.00519480519480519,0,0.000288600288600289
"118",0,0,0.000392464678178964,0,0,0.0043171114599686,0,0,0.000196232339089482,0,0,0.00784929356357928,0,0.0963500784929356,0,0,0,0.0606357927786499,0,0,0,0.0208006279434851,0.568681318681319,0,0,0,0,0,0.00098116169544741,0.000588697017268446,0,0,0,0,0.00313971742543171,0.0237441130298273,0,0.000196232339089482,0,0,0.0969387755102041,0,0,0.0419937205651491,0,0.000196232339089482,0.0728021978021978,0,0.000196232339089482,0
"119",0,0,0.00382457929627741,0,0.00305966343702193,0.000254971953085161,0.00662927078021418,0.00382457929627741,0,0.000254971953085161,0,0.143804181540031,0,0.155532891381948,0.00178480367159612,0,0,0.0117287098419174,0,0,0,0.00280469148393677,0,0,0,0,0.000254971953085161,0.00101988781234064,0.0943396226415094,0.00203977562468129,0.00433452320244773,0,0,0,0.0150433452320245,0,0.000764915859255482,0,0,0.000764915859255482,0.0701172870984192,0,0.0152983171851096,0.0323814380418154,0.000254971953085161,0.0209077001529832,0.00943396226415094,0.389852116267211,0.0084140744518103,0.0012748597654258
"120",0,0.00642985137556656,0.0101191103615474,0,0,0.00390007378517972,0,0.00126488879519342,0.00685148097396437,0,0,0.0215031095182882,0,0.124380731527353,0,0.00664066617476547,0,0.0270897016970591,0,0,0.00274059238958575,0.0103299251607463,0.000210814799198904,0,0,0.0141245915463266,0,0,0.0085379993675556,0,0.37503952777485,0,0,0,0.0115948139559397,0.00295140718878465,0,0.00516496258037314,0,0,0.0763149573100032,0,0.000632444397596711,0.10572362179825,0.0141245915463266,0.00495414778117424,0.0508063666069358,0.0688310319384421,0.0106461473595446,0.0290924422894487
"121",0,0,0,0,0,0,0,0,0,0,0,0.0886816999132697,0,0.130529054640069,0,0.000433651344319167,0,0.0745880312228968,0,0,0,0.0164787510841284,0.249566348655681,0.032307025151778,0.128360797918474,0,0,0,0.000216825672159584,0.00151777970511709,0.00563746747614918,0,0,0,0.00108412836079792,0,0,0,0,0,0.0598438855160451,0,0,0.0980052038161318,0,0,0.040112749349523,0.000216825672159584,0,0.072419774501301
"122",0,0,0.0387994143484627,0,0,0.00951683748169839,0,0,0,0,0,0.0263543191800878,0,0.159224011713031,0,0,0,0.0724743777452416,0,0,0,0.0369692532942899,0.0603953147877013,0,0,0,0,0,0.0109809663250366,0,0.0223279648609078,0,0,0,0.00658857979502196,0.245241581259151,0,0,0.00915080527086384,0,0.102489019033675,0,0,0.0263543191800878,0.078696925329429,0.000366032210834553,0.0918740849194729,0,0.00146412884333821,0.000732064421669107
"123",0.00963676797627873,0,0,0,0,0,0,0,0.00185322461082283,0,0.0144551519644181,0.0148257968865827,0,0.110452186805041,0.00963676797627873,0,0,0.103039288361749,0,0,0,0.0122312824314307,0.497776130467013,0,0,0,0,0,0.0022238695329874,0,0.000370644922164566,0,0,0,0.000741289844329133,0,0,0.00630096367679763,0,0.0363232023721275,0.130467012601927,0,0,0.000370644922164566,0,0,0.0422535211267606,0.000370644922164566,0.00667160859896219,0
"124",0.00412101718765705,0.00100512614333099,0,0.000201025228666198,0,0,0,0,0,0.000603075685998593,0.00140717660066338,0.0567896270982008,0.00623178208865213,0.150969946728314,0,0,0,0.0431199115488994,0,0,0,0.0319630113579254,0.406473012363052,0.0138707407779676,0,0,0,0,0.000904613528997889,0,0.000603075685998593,0,0,0,0.0116594632626395,0.00884511006131269,0,0.00301537842999296,0,0.000301537842999296,0.0880490501557945,0,0,0.0873454618554629,0,0.000201025228666198,0.0666398633028445,0.00432204241632325,0.000603075685998593,0.0107548497336416
"125",0,0,0.0325379609544469,0,0,0,0,0,0,0,0,0.0824295010845987,0,0.140997830802603,0,0,0,0.0238611713665944,0.00216919739696312,0,0.00216919739696312,0.0563991323210412,0.262472885032538,0,0,0,0,0,0,0,0,0.00433839479392625,0,0,0.0780911062906725,0,0,0,0,0,0.0238611713665944,0,0,0.171366594360087,0.0108459869848156,0,0.0911062906724512,0.00433839479392625,0,0.0130151843817787
"126",0.00315556958030925,0,0.00315556958030925,0,0,0,0,0.000473335437046387,0,0,0,0.0572735878826128,0,0.161249605553802,0,0,0,0.031397917324077,0,0,0.00757336699274219,0.0449668665194068,0.423319659198485,0.0108867150520669,0,0.000631113916061849,0,0.000315556958030925,0.00142000631113916,0.000946670874092774,0.00773114547175765,0.000315556958030925,0,0,0.0113600504891133,0.00110444935310824,0,0,0,0,0.0698958662038498,0,0.00615336068160303,0.0807825812559167,0.00142000631113916,0,0.056642473966551,0.00804670242978858,0.000473335437046387,0.00930893026191227
"127",0,0,0,0,0,0.00108636610537751,0,0,0.000271591526344378,0,0,0.0439978272677892,0,0.163226507332971,0.000271591526344378,0,0,0.0999456816947311,0,0,0,0.0380228136882129,0.0695274307441608,0.0146659424225964,0.368549701249321,0,0,0,0.00325909831613254,0,0,0.000271591526344378,0,0,0,0,0,0,0,0,0.115697990222705,0,0.000814774579033134,0.0385659967409017,0,0,0.0418250950570342,0,0,0
"128",0,0,0.00958154086820493,0,0,0,0,0,0.00879937426671881,0,0,0.0287446226046148,0.213140398904967,0.133946030504497,0,0.00567070786077434,0,0.010363707469691,0,0,0.0238560813453266,0.0224872897927259,0.0586624951114587,0.0187719984356668,0,0.003324208056316,0.00879937426671881,0.0060617911615174,0.00293312475557294,0.00117324990222917,0.0189675400860383,0,0,0,0.00860383261634728,0.036957371920219,0,0.00919045756746187,0,0.000977708251857646,0.105983574501369,0,0,0.0743058271411811,0.0350019554165037,0.00821274931560422,0.140985529917872,0.00391083300743058,0,0.000586624951114587
"129",0,0,0.000641848523748395,0,0,0,0,0,0,0,0.754172015404365,0.00609756097560976,0,0.0718870346598203,0,0,0,0.0121951219512195,0,0,0,0,0,0,0,0,0,0,0.000320924261874198,0,0,0,0,0,0.00320924261874198,0.000320924261874198,0,0.000962772785622593,0,0,0.142490372272144,0,0,0,0,0,0.00673940949935815,0,0,0.000962772785622593
"130",0,0.00576923076923077,0.0684615384615385,0,0,0,0,0,0,0,0,0.0234615384615385,0.00576923076923077,0.109615384615385,0,0.00846153846153846,0,0.0707692307692308,0,0,0,0,0.378461538461538,0,0,0,0,0.000384615384615385,0,0,0.00807692307692308,0,0,0,0.0230769230769231,0.0107692307692308,0,0,0,0.00153846153846154,0.0646153846153846,0.000769230769230769,0.00153846153846154,0.102307692307692,0.0303846153846154,0,0.0657692307692308,0,0,0.02
"131",0,0.0137931034482759,0,0,0,0,0,0,0.0206896551724138,0,0,0.268965517241379,0,0.193103448275862,0,0,0,0.0482758620689655,0,0,0,0.0275862068965517,0.0413793103448276,0,0,0,0,0.00689655172413793,0.0137931034482759,0,0,0,0,0,0.0758620689655172,0,0,0,0,0,0,0,0,0.220689655172414,0,0,0.0551724137931034,0.0137931034482759,0,0
"132",0,0,0.0026525198938992,0,0,0.0106100795755968,0,0,0.0106100795755968,0.0159151193633952,0,0.0026525198938992,0,0.103448275862069,0,0,0,0.0026525198938992,0,0,0,0.0291777188328912,0.294429708222812,0,0,0,0.00530503978779841,0,0,0,0,0,0.0026525198938992,0,0.122015915119363,0.0026525198938992,0,0,0,0,0.00795755968169761,0,0,0.159151193633952,0.00530503978779841,0,0.140583554376658,0,0.0557029177718833,0.026525198938992
"133",0,0.00758437618505878,0,0,0,0,0,0,0,0,0,0.043610163064088,0.0166856276071293,0.12514220705347,0,0,0,0.0140310959423587,0,0,0,0,0.0401971937808115,0.00758437618505878,0,0.000379218809252939,0.335608646188851,0,0.00151687523701176,0,0.00720515737580584,0,0,0,0.00303375047402351,0.128555176336746,0,0,0,0,0.124762988244217,0,0,0.0200985968904058,0.00151687523701176,0,0.122108456579446,0,0,0.000379218809252939
"134",0,0,0.236842105263158,0,0,0,0,0,0.00951847704367301,0,0,0.00559910414333707,0,0.123180291153415,0,0.0313549832026876,0,0.103023516237402,0,0,0,0.0117581187010078,0.190929451287794,0.0123180291153415,0,0,0,0,0.00111982082866741,0,0.00279955207166853,0,0,0,0,0.0363941769316909,0,0.0207166853303471,0,0,0.061030235162374,0,0,0.00559910414333707,0.00895856662933931,0,0.138297872340426,0.000559910414333707,0,0
"135",0,0,0.00464540105295757,0,0,0.00061938680706101,0,0,0,0,0,0.0297305667389285,0,0.123877361412202,0,0,0,0.0523381851966553,0,0,0,0.0250851656859709,0.0752554970579127,0.412511613502632,0,0,0,0,0.000929080210591514,0.00061938680706101,0.00123877361412202,0,0,0,0,0.0771136574790957,0,0,0,0,0.134097243728709,0,0,0.0145555899659337,0.0126974295447507,0,0.033756580984825,0.000309693403530505,0,0.00061938680706101
"136",0,0.000423818605636787,0,0,0,0,0.0122907395634668,0.00635727908455181,0.000211909302818394,0.0067810976901886,0,0.133714770078406,0,0.128840856113583,0,0,0.0112311930493749,0.154905700360246,0,0,0,0.0214028395846578,0,0,0,0.00275482093663912,0.00656918838737021,0.00847637211273575,0.116762025852935,0.00148336511972876,0,0.23882178427633,0.00148336511972876,0,0.0116550116550117,0.0110192837465565,0,0,0,0,0.0781945327399873,0,0.0131383767747404,0.0158931977113795,0,0.00550964187327824,0.00593346047891502,0.000847637211273575,0,0.00529773257045984
"137",0.00182781941144215,0,0.00438676658746116,0,0,0.000548345823432645,0.00456954852860537,0.00530067629318223,0,0,0,0.148236154267958,0,0.0838969109851947,0,0.000182781941144215,0.502467556205447,0.0552001462255529,0,0,0.00036556388228843,0.019557667702431,0,0.00329007494059587,0,0,0,0,0.0605008225187351,0,0,0,0,0,0.00219338329373058,0,0,0,0,0,0.0760372875159934,0,0,0.0140742094681046,0.000182781941144215,0.000182781941144215,0.00383842076402851,0.00255894717601901,0,0.0106013525863645
"138",0,0.018582243633861,0.0490938288598302,0,0,0.000917641660931406,0.0350997935306263,0,0,0.00229410415232852,0,0.0775407203487038,0,0.132369809589355,0,0,0.264280798348245,0.0685937141546226,0,0,0,0,0.00367056664372562,0,0,0.0103234686854783,0,0.0227116311080523,0.0194998852947924,0,0.000688231245698555,0.0211057582014223,0,0.000458820830465703,0.115622849277357,0.0165175498967653,0,0,0,0,0.0445056205551732,0,0,0.0442762101399404,0.00550584996558844,0.00481761871988988,0.0316586373021335,0.00504702913512273,0.00458820830465703,0.000229410415232852
"139",0,0,0.00269662921348315,0,0,0.00224719101123596,0,0,0.000898876404494382,0,0.000224719101123596,0.0256179775280899,0,0.138876404494382,0,0.325168539325843,0,0.02,0,0,0.00202247191011236,0.0725842696629213,0.00292134831460674,0,0,0,0.000449438202247191,0.00449438202247191,0.000449438202247191,0.000674157303370786,0.0256179775280899,0.000224719101123596,0,0.00471910112359551,0.0624719101123596,0.00696629213483146,0,0.00876404494382023,0,0,0.0770786516853933,0.00314606741573034,0,0.042247191011236,0.0119101123595506,0.000224719101123596,0.0959550561797753,0.018876404494382,0.0267415730337079,0.0157303370786517
"140",0,0,0,0,0,0.0144648023143684,0.0166345226615236,0,0.000482160077145612,0,0,0.109450337512054,0,0.119334619093539,0,0,0,0.072082931533269,0,0,0.000241080038572806,0.144165863066538,0,0,0,0,0,0.00530376084860174,0.339440694310511,0,0.0202507232401157,0.0192864030858245,0,0.00168756027000964,0,0,0,0,0,0,0.0306171648987464,0,0,0.046046287367406,0,0,0.0195274831243973,0.000723240115718419,0.023625843780135,0.0166345226615236
"141",0,0.0013080444735121,0,0.013080444735121,0,0,0.0170045781556573,0,0,0,0.0013080444735121,0.0667102681491171,0,0.0804447351209941,0,0,0,0.0340091563113146,0,0,0.0104643557880968,0.0281229561805101,0,0,0,0,0.0091563113145847,0.00196206671026815,0,0,0.0026160889470242,0.00719424460431655,0,0,0.591236102027469,0,0,0,0.00196206671026815,0,0.0412034009156311,0,0.00850228907782865,0.0248528449967299,0,0.00065402223675605,0.00327011118378025,0.00850228907782865,0.026814911706998,0.0196206671026815
"142",0.00212765957446809,0,0,0,0,0.00851063829787234,0,0,0,0.0170212765957447,0,0.102127659574468,0,0.114893617021277,0,0.0659574468085106,0,0.0127659574468085,0,0,0,0.112765957446809,0,0,0,0,0,0,0.0127659574468085,0,0.00212765957446809,0,0.00851063829787234,0,0.195744680851064,0,0,0.00851063829787234,0,0,0.127659574468085,0,0,0.0297872340425532,0,0,0.170212765957447,0,0.00851063829787234,0
"143",0.000358166189111748,0.00716332378223496,0,0,0,0,0,0.0100286532951289,0,0,0,0.0379656160458453,0,0.0705587392550143,0,0,0,0.0336676217765043,0,0,0.00501432664756447,0.0250716332378223,0.00787965616045845,0,0,0,0,0,0.00250716332378223,0,0.00143266475644699,0,0,0,0.67012893982808,0,0,0,0,0,0.0175501432664756,0,0,0.0465616045845272,0.000358166189111748,0,0.0100286532951289,0.00859598853868195,0.0100286532951289,0.0351002865329513
"144",0,0,0,0,0,0,0.00162249864791779,0,0,0.00432666306111412,0,0.018388318009735,0,0.138994050838291,0,0.00270416441319632,0,0.010275824770146,0,0,0.00703082747431044,0.0519199567333694,0.000540832882639265,0,0,0,0,0,0.00216333153055706,0,0,0,0,0,0.545700378583018,0,0,0,0,0.000540832882639265,0.0405624661979448,0.000540832882639265,0,0.0475932936722553,0,0.00108166576527853,0.0832882639264467,0.00811249323958897,0.0302866414277988,0.00432666306111412
"145",0,0,0,0,0,0,0,0.00725163161711385,0.00217548948513416,0.00870195794053662,0,0.0340826686004351,0,0.132704858593183,0,0,0,0.00580130529369108,0,0,0.000725163161711385,0.0768672951414068,0,0,0,0,0,0,0,0,0.00290065264684554,0.00797679477882524,0,0,0.577955039883974,0,0,0.00145032632342277,0,0,0.0333575054387237,0,0,0.0449601160261059,0,0,0.0116026105873822,0.00942712110224801,0.0181290790427846,0.0239303843364757
"146",0,0,0,0,0,0.0387007601935038,0.00207325501036628,0,0,0,0,0.0255701451278507,0,0.102971665514858,0,0,0,0.032480995162405,0,0,0,0.027643400138217,0,0,0,0,0,0,0,0.00138217000691085,0.00138217000691085,0.0027643400138217,0,0,0.514858327574292,0.00691085003455425,0,0,0,0,0.0138217000691085,0,0,0.120939875604699,0.0055286800276434,0.00207325501036628,0.0628887353144437,0.0027643400138217,0.0124395300621977,0.022805805114029
"147",0,0,0,0,0,0.0469153178512784,0,0,0.02275392915787,0.0344827586206897,0,0.00351864883884588,0.0030494956603331,0.152943936195168,0,0,0,0.0738916256157635,0,0,0,0.0182969739619986,0.000234576589256392,0,0,0,0,0,0.0112596762843068,0,0.000234576589256392,0,0,0,0.00445695519587145,0.0330752990851513,0,0,0.000234576589256392,0,0.0961764015951208,0,0,0.0204081632653061,0.0091484869809993,0,0.121041520056298,0.000703729767769177,0.0316678395496129,0.315505512549847
"148",0,0.0204880988249473,0.000602591141910214,0,0,0.0427839710756252,0,0,0,0.000301295570955107,0,0.0307321482374209,0,0.165109972883399,0,0.186501958421211,0,0.0186803253992166,0,0,0,0.0241036456764086,0,0,0,0,0,0,0.0045194335643266,0,0.0213919855378126,0,0,0,0.031033443808376,0.000301295570955107,0,0,0,0,0.0659837300391684,0,0,0.0521241337752335,0.0132570051220247,0,0.319975896354324,0,0,0.00210906899668575
"149",0.0366492146596859,0,0,0,0,0.0628272251308901,0,0,0.0366492146596859,0,0,0.0680628272251309,0,0.104712041884817,0,0,0,0.198952879581152,0,0,0,0,0,0,0.0418848167539267,0,0.0104712041884817,0.0680628272251309,0,0,0.115183246073298,0.031413612565445,0,0,0,0,0,0,0,0,0.0628272251308901,0,0,0.0209424083769634,0.0261780104712042,0,0.0366492146596859,0.0157068062827225,0,0.0628272251308901
"150",0,0.00106382978723404,0.00106382978723404,0,0,0.195744680851064,0.00106382978723404,0.00106382978723404,0.0212765957446809,0,0,0.098936170212766,0,0.185106382978723,0,0,0,0.0223404255319149,0,0,0,0.229787234042553,0,0,0,0,0,0.00531914893617021,0.0117021276595745,0,0.00319148936170213,0,0,0,0,0,0,0.00531914893617021,0,0,0.0372340425531915,0,0,0.0521276595744681,0,0.00106382978723404,0.0968085106382979,0.00106382978723404,0.0287234042553191,0
"151",0,0,0,0,0,0.142241379310345,0,0,0.00862068965517241,0,0,0.00862068965517241,0.146551724137931,0.155172413793103,0,0,0,0.0689655172413793,0,0,0.0258620689655172,0.0517241379310345,0.00431034482758621,0,0,0,0,0.0474137931034483,0,0,0.021551724137931,0,0,0.0258620689655172,0,0.0775862068965517,0,0,0,0,0.103448275862069,0,0,0.0603448275862069,0,0,0.0517241379310345,0,0,0
"152",0,0.0057698147585788,0.0255086547221379,0,0,0.114485271788643,0,0,0.154570300637716,0.000607348921955664,0,0.0737928940176131,0,0.153355602793805,0.00971758275129062,0,0,0.030671120558761,0,0,0,0.00364409353173398,0,0,0,0.00485879137564531,0.000607348921955664,0.0340115396295172,0.0151837230488916,0.000303674460977832,0.00911023382933495,0,0,0,0.0580018220467659,0,0,0.0209535378074704,0,0,0.103249316732463,0,0.0182204676586699,0.0501062860613422,0.0309747950197388,0.0109322805952019,0.057698147585788,0.00789553598542363,0.0057698147585788,0
"153",0.0228225430833721,0.00652072659524919,0.00465766185374942,0,0,0.0214252445272473,0,0,0.000465766185374942,0,0,0.146250582207732,0,0.176525384257103,0,0.000465766185374942,0,0.0666045645086167,0,0,0,0.166744294364229,0.00652072659524919,0,0,0,0,0,0.0945505356311132,0,0.0279459711224965,0,0,0,0.0176991150442478,0.024219841639497,0,0.000931532370749884,0,0,0.0652072659524918,0,0,0.0218910107126223,0,0,0.0456450861667443,0.00465766185374942,0.0568234746157429,0.0214252445272473
"154",0,0,0,0,0,0,0,0,0,0.0147093712930012,0,0.136180308422301,0,0.202372479240807,0,0.00854092526690391,0,0.0851720047449585,0,0,0,0.00118623962040332,0.000948991696322657,0,0,0,0.0109134045077106,0.0111506524317912,0.00688018979833926,0.00308422301304864,0.0158956109134045,0,0.00118623962040332,0,0.000237247924080664,0,0,0.00498220640569395,0,0.00260972716488731,0.0920521945432977,0,0.00237247924080664,0.0531435349940688,0.000237247924080664,0,0.0785290628706999,0.0427046263345196,0.00901542111506524,0.215895610913405
"155",0,0.00584795321637427,0.0701754385964912,0,0,0.192982456140351,0,0,0.0350877192982456,0,0,0.0175438596491228,0,0.181286549707602,0,0,0,0.175438596491228,0,0,0,0,0,0,0,0,0.0292397660818713,0.0818713450292398,0.0116959064327485,0,0.0526315789473684,0,0,0,0,0,0,0,0,0,0.0584795321637427,0,0.00584795321637427,0.0292397660818713,0,0.00584795321637427,0,0,0,0.0467836257309941
"156",0,0,0,0,0,0.295774647887324,0.0140845070422535,0,0.00938967136150235,0,0,0.00469483568075117,0,0.136150234741784,0,0,0,0.107981220657277,0,0,0,0.0234741784037559,0,0,0,0.00469483568075117,0,0,0.00469483568075117,0,0.0563380281690141,0.0845070422535211,0.0140845070422535,0,0,0.0375586854460094,0,0,0,0,0.0422535211267606,0,0,0.0563380281690141,0,0,0.0938967136150235,0.00938967136150235,0.00469483568075117,0
"157",0,0,0,0,0,0.00102092904543134,0,0,0,0,0,0.0199081163859112,0,0.126084737110771,0,0,0,0.00918836140888208,0,0,0,0.0301174068402246,0,0.00102092904543134,0.000510464522715671,0,0.00153139356814701,0,0,0.000255232261357836,0.00969882593159775,0.00102092904543134,0,0.377233282286881,0,0.162582950484941,0,0,0,0,0.127871362940276,0,0,0.0142930066360388,0,0,0.104645227156713,0.0107197549770291,0,0.00229709035222052
"158",0,0,0,0.00565291124929339,0,0.308648954211419,0,0,0,0,0,0.109383832673827,0.00791407574901074,0.165347654041832,0,0,0,0.0703787450537026,0,0.00113058224985868,0,0.0200678349349915,0,0,0.00621820237422272,0,0.000565291124929339,0,0.00960994912379876,0,0.00960994912379876,0,0.00339174674957603,0,0.0180893159977388,0,0,0,0,0.000847936687394008,0.0765969474279254,0,0.0183719615602035,0.0667043527416619,0.00339174674957603,0.000282645562464669,0.0904465799886942,0.00678349349915206,0,0.000565291124929339
"159",0,0,0,0,0,0.231578947368421,0,0,0.0210526315789474,0.157894736842105,0,0.105263157894737,0.0105263157894737,0.0315789473684211,0,0,0,0,0,0,0,0,0,0,0,0,0,0,0.0736842105263158,0,0,0,0,0,0,0,0,0.0526315789473684,0,0,0,0,0,0.210526315789474,0,0,0.0421052631578947,0.0526315789473684,0,0.0105263157894737
"160",0.00615384615384615,0.000769230769230769,0.0157692307692308,0,0,0.065,0,0,0,0,0,0.0880769230769231,0,0.191538461538462,0.00307692307692308,0,0,0.122307692307692,0,0,0,0.0153846153846154,0.0146153846153846,0,0.196923076923077,0,0.00192307692307692,0,0.000384615384615385,0.000769230769230769,0.0242307692307692,0,0,0,0.0823076923076923,0,0,0,0,0,0.0203846153846154,0,0,0.118076923076923,0.0146153846153846,0.00115384615384615,0.0165384615384615,0,0,0
"161",0.119170984455959,0,0,0,0,0.072538860103627,0,0,0.196891191709845,0,0,0.0880829015544042,0,0.0414507772020725,0,0,0,0.00518134715025907,0,0,0,0,0,0,0,0,0.0310880829015544,0.077720207253886,0,0,0,0.00518134715025907,0,0,0,0,0,0.00518134715025907,0,0,0.217616580310881,0,0,0.0466321243523316,0,0,0.0414507772020725,0,0,0.0518134715025907
"162",0,0.00062266500622665,0,0,0,0,0,0,0,0.0012453300124533,0,0.0379825653798257,0,0.221046077210461,0,0,0,0.0429638854296389,0.262764632627646,0,0,0.00809464508094645,0,0,0,0.00062266500622665,0,0,0.0118306351183064,0,0.0292652552926526,0,0,0,0,0,0,0,0,0,0.262764632627646,0,0,0.0049813200498132,0.00933997509339975,0,0.0853051058530511,0.00062266500622665,0.0161892901618929,0.00435865504358655
"163",0,0.017798513910489,0,0,0,0,0,0.435285985830309,0.000172801105927078,0,0,0.157076205287714,0,0.156903404181787,0,0,0.00276481769483325,0.0430274753758424,0,0,0,0,0.00120960774148955,0,0,0,0,0.00120960774148955,0.0388802488335925,0.0207361327112494,0,0,0.00293761880076033,0,0.0101952652496976,0,0,0,0,0,0.0978054259547261,0,0,0.00691204423708312,0,0.00207361327112494,0.000518403317781234,0.00449282875410403,0,0
"164",0,0,0,0,0.00388198757763975,0.280667701863354,0.00271739130434783,0.00232919254658385,0,0,0,0.0799689440993789,0,0.152950310559006,0,0,0,0.0877329192546584,0,0,0,0,0,0,0.016304347826087,0,0,0.000388198757763975,0.0031055900621118,0,0.0240683229813665,0.00194099378881988,0,0,0.0380434782608696,0,0,0.0108695652173913,0,0,0.0861801242236025,0,0,0.0838509316770186,0.016304347826087,0,0.0885093167701863,0.0135869565217391,0.00543478260869565,0.00116459627329193
"165",0,0,0,0.00246250279829863,0,0,0.000447727781508843,0,0,0,0,0.0311170808148646,0,0.161853593015447,0,0,0,0.0396239086635326,0,0,0,0.186030893216924,0,0,0,0,0,0,0.0246250279829863,0,0.00559659726886053,0,0,0,0.0284307141258115,0.0161182001343183,0,0,0,0,0.066935303335572,0,0,0.038280725319006,0,0,0.035594358629953,0,0.354376539064249,0.00850682784866801
"166",0.00421940928270042,0,0,0,0,0.20253164556962,0.0379746835443038,0,0.00421940928270042,0,0,0.0337552742616034,0,0.105485232067511,0,0,0,0.130801687763713,0,0,0,0.0337552742616034,0.00421940928270042,0,0,0,0,0.0717299578059072,0,0,0,0,0,0.0379746835443038,0,0,0,0,0,0,0.0675105485232067,0.0590717299578059,0,0.0337552742616034,0,0,0.156118143459916,0,0.00421940928270042,0.0126582278481013
"167",0.0371747211895911,0,0,0,0,0,0,0,0,0.0111524163568773,0,0.118959107806691,0,0.16728624535316,0,0,0.00278810408921933,0.0966542750929368,0,0.00278810408921933,0,0.273234200743494,0,0,0,0.000929368029739777,0.0315985130111524,0,0.0966542750929368,0,0,0,0,0.00185873605947955,0.0362453531598513,0.00557620817843866,0,0,0,0,0.0436802973977695,0,0,0.0130111524163569,0,0,0.025092936802974,0.00464684014869888,0.0306691449814126,0
"168",0,0,0,0,0,0,0,0,0,0,0,0.0490654205607477,0,0.329439252336449,0,0,0,0.0373831775700935,0,0,0,0.170560747663551,0,0,0,0.00233644859813084,0.00233644859813084,0,0.0490654205607477,0,0.014018691588785,0,0,0,0.00934579439252336,0.00700934579439252,0,0,0,0,0.0350467289719626,0,0,0.189252336448598,0,0,0.0514018691588785,0,0.0537383177570093,0
"169",0,0,0,0,0.00232067510548523,0,0,0.039662447257384,0,0.00358649789029536,0,0.0761603375527426,0,0.155907172995781,0,0,0,0.0546413502109705,0,0,0,0.00168776371308017,0,0,0,0.000210970464135021,0,0.00949367088607595,0.0350210970464135,0.493459915611814,0.000421940928270042,0.0029535864978903,0,0,0,0,0,0,0,0,0.0820675105485232,0,0,0.00822784810126582,0,0,0.00527426160337553,0.00464135021097046,0.00232067510548523,0.0219409282700422
"170",0,0,0,0,0,0,0,0,0,0,0,0.0108018280016618,0,0.128375571250519,0,0,0,0.122143747403407,0,0,0,0.0511009555463232,0.025758205234732,0,0.025758205234732,0,0,0,0.00498545907769007,0,0,0,0,0,0.000830909846281678,0.0328209389281263,0.378479434981305,0,0,0,0.0868300789364354,0,0,0.0565018695471541,0,0,0.0710427918570835,0,0.000415454923140839,0.00415454923140839
"171",0.0035650623885918,0,0,0,0,0.0320855614973262,0,0,0,0,0,0.0409982174688057,0,0.142602495543672,0,0,0,0.0552584670231729,0,0,0,0.0962566844919786,0,0,0,0,0,0.0017825311942959,0,0,0,0.0213903743315508,0,0,0.110516934046346,0,0,0,0,0,0.0267379679144385,0,0,0.203208556149733,0.0053475935828877,0.0641711229946524,0.0909090909090909,0.0303030303030303,0.0445632798573975,0.0303030303030303
"172",0,0.0029673590504451,0,0,0,0,0,0,0,0,0,0.0771513353115727,0,0.186943620178042,0,0,0,0.0623145400593472,0,0,0,0.056379821958457,0,0,0,0,0,0,0.0267062314540059,0,0.0801186943620178,0.0029673590504451,0,0,0.0178041543026706,0.00890207715133531,0,0,0,0.0029673590504451,0.0207715133531157,0,0,0.237388724035608,0,0,0.0356083086053412,0.0326409495548961,0.0415430267062315,0.106824925816024
"173",0,0,0.000461467466543609,0,0,0,0,0,0,0,0,0.0622981079833872,0.302491924319335,0.149515459160129,0.0053068758652515,0,0,0.0253807106598985,0,0.00161513613290263,0,0.0233041070604522,0,0,0,0,0,0,0.000230733733271804,0,0.0053068758652515,0,0,0,0,0,0,0,0,0,0.0752191970466082,0.000230733733271804,0.00715274573142593,0.127365020766036,0,0,0.151130595293032,0.0440701430549146,0,0.018920166128288
"174",0.0454704442112627,0,0,0.337180832458902,0,0,0,0,0.00629590766002099,0,0,0.0419727177334732,0,0.104582021685904,0,0,0.00244840853445261,0.184330185379503,0,0,0,0.00594613501224204,0,0,0,0,0,0,0.012242042672263,0.00349772647778944,0,0.0297306750612102,0.000699545295557887,0,0.00874431619447359,0.00909408884225254,0,0,0.000699545295557887,0.0265827212311997,0.140258831759356,0,0.00384749912556838,0.000349772647778944,0,0.0251836306400839,0.00244840853445261,0,0.00524658971668416,0.00314795383001049
"175",0,0,0.0344827586206897,0,0,0,0,0,0,0,0,0.103448275862069,0,0.0344827586206897,0,0,0,0.206896551724138,0,0,0,0.103448275862069,0,0,0,0,0,0.103448275862069,0,0,0,0.103448275862069,0,0,0.103448275862069,0,0,0,0,0,0.0344827586206897,0.0344827586206897,0,0.103448275862069,0,0,0.0344827586206897,0,0,0
"176",0,0.000727272727272727,0,0,0,0,0.00509090909090909,0,0,0.0261818181818182,0,0.125818181818182,0,0.145454545454545,0.00436363636363636,0,0.00145454545454545,0.056,0,0,0,0.165818181818182,0,0,0,0,0,0,0.0189090909090909,0,0,0.00145454545454545,0,0.00654545454545455,0.196363636363636,0,0,0,0,0,0.0414545454545455,0,0.0109090909090909,0.0596363636363636,0,0,0.04,0.0814545454545454,0,0.0123636363636364
"177",0,0,0.00516295579219103,0,0,0,0,0,0.00871248789932236,0,0,0.021297192642788,0,0.136172959019038,0,0.00548564052920297,0,0.0345272668602775,0,0,0,0.00451758631816715,0,0,0,0.00322684737011939,0,0.0154888673765731,0.00806711842529848,0,0.0658276863504356,0,0,0,0,0.0548564052920297,0,0,0,0,0.133914165859955,0.000322684737011939,0,0.0332365279122298,0.387544369151339,0,0.0742174895127461,0.00258147789609551,0,0.00484027105517909
"178",0,0,0,0,0,0.0154885947620389,0,0.00337932976626302,0,0,0,0.0202759785975781,0,0.146156012390876,0,0,0,0.0613911574204449,0,0,0,0.0557589411433399,0,0,0,0,0,0.0070402703463813,0.0194311461560124,0,0.435651929034075,0.0425232328921431,0,0,0.000281610813855252,0,0,0,0,0,0.0974373415939172,0,0,0.00788510278794706,0.000281610813855252,0,0.068149816952971,0,0.0188679245283019,0
"179",0.295990078544853,0,0,0,0,0,0.00124018189334436,0,0,0,0,0.0289375775113683,0,0.186027284001654,0,0,0,0.0144687887556842,0.0115750310045473,0,0,0.0702769739561802,0.000826787928896238,0,0,0,0,0,0.0376188507647788,0,0,0,0,0,0.0066143034311699,0,0,0.000413393964448119,0,0,0.164944191814799,0,0,0,0,0.0186027284001654,0,0.0086812732534105,0.1537825547747,0
"180",0.0109346524342619,0.00286383754230669,0.00937255922936735,0,0,0,0,0.0132777922416038,0.000520697734964853,0.000781046602447279,0,0.0869565217391304,0,0.0929445456912262,0,0,0.00859151262692007,0.0294194220255142,0,0,0,0.000520697734964853,0,0,0,0,0.00807081489195522,0.0471231450143192,0.446498307732361,0.0143191877115335,0.00104139546992971,0.0117156990367092,0.00208279093985941,0,0.00208279093985941,0.000520697734964853,0,0,0,0,0.0481645404842489,0,0,0.0101536058318146,0,0.000260348867482426,0.00182244207237699,0.147357458995053,0.00260348867482426,0
"181",0.00568181818181818,0.00676406926406926,0,0,0,0,0.0110930735930736,0.0243506493506494,0,0.000270562770562771,0,0.123647186147186,0,0.155032467532468,0,0,0,0.0265151515151515,0,0,0.00622294372294372,0.000270562770562771,0,0,0,0,0.00378787878787879,0,0.0221861471861472,0,0,0,0,0,0.00595238095238095,0,0,0,0,0,0.0714285714285714,0,0.0100108225108225,0.0284090909090909,0.000270562770562771,0.434794372294372,0.0267857142857143,0.036525974025974,0,0
"182",0,0,0.00151362260343088,0,0,0,0.00151362260343088,0.00454086781029263,0,0,0,0.108476286579213,0,0.150857719475277,0,0,0,0.0711402623612513,0,0,0,0.0736629667003027,0,0,0,0,0.0156407669021191,0,0.0590312815338042,0.0196770938446014,0.0216952573158426,0,0,0,0,0,0,0,0,0,0.0489404641775984,0,0,0.0600403632694248,0,0,0.0216952573158426,0.285065590312815,0.0126135216952573,0.0438950554994955
"183",0,0,0.00336322869955157,0,0,0,0,0,0.00112107623318386,0.130044843049327,0,0.104260089686099,0,0.13677130044843,0,0,0.00448430493273543,0.134529147982063,0,0,0,0.0369955156950673,0,0,0,0,0,0.00224215246636771,0.00112107623318386,0,0.00896860986547085,0,0,0,0.00112107623318386,0.00224215246636771,0,0,0,0.0369955156950673,0.131165919282511,0,0.00112107623318386,0.201793721973094,0,0,0.0213004484304933,0.0403587443946188,0,0
"184",0.00344906875143711,0.000689813750287422,0,0.249482639687284,0,0,0,0,0.00275925500114969,0,0.0137962750057484,0.176132444240055,0,0.127155667969648,0.00643826166934928,0,0,0.119797654633249,0.000459875833524948,0,0,0.00804782708668659,0,0,0,0,0.0335709358473212,0,0.02230397792596,0.013106461255461,0,0,0,0,0.0112669579213612,0,0,0,0,0.00367900666819959,0.182800643826167,0,0,0.0202345366750977,0,0,0.00114968958381237,0,0.00344906875143711,0.000229937916762474
"185",0.000367376928728876,0.00734753857457752,0,0,0.00220426157237325,0.0124908155767818,0,0,0.32365907421014,0,0,0.0565760470242469,0,0.0841293166789126,0,0,0,0.157972079353417,0,0,0.00551065393093314,0,0,0,0,0.014695077149155,0,0,0.056208670095518,0,0.00330639235855988,0.00624540778839089,0,0,0,0,0,0.00477590007347539,0,0,0.103232916972814,0.0778839088905217,0.00220426157237325,0.0418809698750918,0.0191036002939015,0,0.00514327700220426,0.0102865540044085,0.00477590007347539,0
"186",0,0,0,0,0,0,0,0,0,0,0,0.0338983050847458,0,0.190598017268948,0,0,0,0.0150303805564439,0,0,0.260313399424368,0.0322993284298049,0,0,0,0,0,0.00511672529581068,0.00447713463383435,0,0.0441317556763671,0,0,0,0.00415733930284618,0.00831467860569236,0,0,0,0,0.133674448353054,0,0,0.0518068436200831,0.000639590661976335,0,0.189638631275983,0.0259034218100416,0,0
"187",0.0329428989751098,0.000366032210834553,0.00805270863836018,0,0,0,0,0,0.00439238653001464,0.00475841874084919,0,0.0790629575402635,0,0.161420204978038,0,0.00768667642752562,0,0.154465592972182,0,0,0.0106149341142021,0.0347730600292826,0.0574670571010249,0.00402635431918009,0.141654465592972,0,0,0.0153733528550512,0,0.00146412884333821,0.00292825768667643,0.00219619326500732,0,0,0.0398975109809663,0.0505124450951684,0,0.0322108345534407,0.000366032210834553,0.0256222547584187,0.0823572474377745,0,0,0.0307467057101025,0,0,0.0117130307467057,0.00292825768667643,0,0
"188",0.0157943635800557,0,0.000309693403530505,0,0,0,0.0145555899659337,0.00712294828120161,0.0114586559306287,0,0,0.205946113347786,0,0.0768039640755652,0,0,0.00526478786001858,0.0935274078662124,0,0.217404769278414,0,0.00960049550944565,0.00061938680706101,0,0,0,0,0.0291111799318675,0.151130380922886,0,0,0.000309693403530505,0,0,0.0114586559306287,0,0,0,0,0,0.0653453081449365,0,0,0.00123877361412202,0.00340662743883555,0.0167234437906473,0.0139362031588727,0.033137194177764,0,0.0157943635800557
"189",0,0,0,0.000834028356964137,0,0,0,0,0.00333611342785655,0,0,0.00333611342785655,0,0.142618849040867,0,0,0,0.0442035029190992,0,0,0.0683903252710592,0.213511259382819,0.0141784820683903,0,0,0,0.0141784820683903,0,0.018348623853211,0,0.0141784820683903,0,0,0,0.0275229357798165,0.00250208507089241,0,0,0,0,0.0950792326939116,0,0,0.0208507089241034,0,0.0166805671392827,0.103419516263553,0,0.104253544620517,0.0925771476230192
"190",0,0.00172711571675302,0.0129533678756477,0.0466321243523316,0,0.0164075993091537,0,0,0.00259067357512953,0.0604490500863558,0,0.0569948186528497,0,0.127806563039724,0,0,0,0.101899827288428,0,0.0120898100172712,0.00259067357512953,0.0915371329879102,0.0569948186528497,0,0.0604490500863558,0.0949913644214162,0,0,0.0112262521588946,0,0.0345423143350604,0.0310880829015544,0,0,0.0129533678756477,0.00690846286701209,0,0,0,0,0.0569948186528497,0,0,0.00604490500863558,0.00949913644214162,0,0.0112262521588946,0.0734024179620034,0,0
"191",0.00363636363636364,0,0,0,0,0.00727272727272727,0,0,0,0,0,0.0581818181818182,0,0.243636363636364,0,0.0327272727272727,0,0.0145454545454545,0,0,0,0.0581818181818182,0.00363636363636364,0,0,0,0,0,0.00363636363636364,0,0.0836363636363636,0,0,0,0.0254545454545455,0,0,0.0363636363636364,0.00727272727272727,0,0.0181818181818182,0,0,0.109090909090909,0,0,0.283636363636364,0.0109090909090909,0,0
"192",0,0,0.001454898157129,0,0,0.0295829291949564,0,0,0,0.049466537342386,0,0.0766246362754607,0,0.112027158098933,0,0,0,0.13627546071775,0,0.00193986420950533,0,0.149854510184287,0,0.000969932104752667,0,0,0,0.007274490785645,0.0703200775945684,0,0.00533462657613967,0.00921435499515034,0,0,0.017458777885548,0.00872938894277401,0.005819592628516,0.00678952473326867,0,0,0.059650824442289,0,0,0.000484966052376334,0.0121241513094083,0.00193986420950533,0.00775945683802134,0.026188166828322,0.0126091173617847,0.190106692531523
"193",0.0158459703527006,0.331572669960811,0,0,0,0.00681547111944113,0,0.024365309252002,0.0214687340262396,0,0,0.0630431078548305,0,0.123189640483898,0,0.0100528199011757,0,0.0257284034758903,0,0,0,0.0110751405690918,0,0,0,0.000170386777986028,0.000170386777986028,0,0.0611688532969842,0.0090304992332595,0.0132901686829102,0,0,0,0.00289657522576248,0,0,0.00562276367353893,0.0177202249105469,0,0.084341455103084,0,0,0.0587834384051798,0.000851933889930141,0.000170386777986028,0.0840006815471119,0.0199352530243653,0,0.00868972567728744
"194",0,0.000984251968503937,0,0,0,0.0078740157480315,0,0.00639763779527559,0,0,0.00541338582677165,0.0142716535433071,0,0.124507874015748,0,0.0329724409448819,0,0.0093503937007874,0.0231299212598425,0,0.000984251968503937,0.00442913385826772,0.00590551181102362,0,0,0,0.000492125984251968,0.000984251968503937,0,0.0393700787401575,0.0477362204724409,0,0,0,0,0,0,0.356791338582677,0,0,0.162893700787402,0,0,0.0241141732283465,0,0,0.104330708661417,0.0270669291338583,0,0
"195",0,0,0,0,0,0,0,0,0,0,0,0.149982800137599,0,0.183006535947712,0.136910904712762,0,0,0.0254557963536292,0,0,0,0.145166838665291,0.00103199174406605,0,0,0,0.00137598899208806,0,0.0130718954248366,0.00103199174406605,0,0.00378396972824217,0,0.000343997248022016,0.0399036807705538,0,0,0.00103199174406605,0,0,0.0478156174750602,0,0,0.0588235294117647,0,0,0.0237358101135191,0.0543515651874785,0.0935672514619883,0.0196078431372549
"196",0.00341102899374645,0.00255827174530984,0,0,0,0.0181921546333144,0,0.00198976691301876,0.0119386014781126,0,0,0.046048891415577,0,0.164013644115975,0,0,0,0.0966458214894827,0,0,0,0.00596930073905628,0.000284252416145537,0,0.0133598635588402,0,0.00170551449687322,0.0392268334280841,0.0605457646389994,0.000284252416145537,0.0341102899374645,0.000852757248436612,0,0.319783968163729,0,0.000568504832291074,0,0,0,0,0.138146674246731,0,0,0.00284252416145537,0.000568504832291074,0,0.0235929505400796,0,0,0.0133598635588402
"197",0,0.000503397936068462,0,0,0,0,0,0,0,0,0,0.0266800906116285,0,0.200604077523282,0,0,0.000251698968034231,0.00302038761641077,0,0,0.00629247420085578,0.0526050843191543,0,0,0,0,0,0,0,0.000503397936068462,0,0,0,0,0.0143468411779512,0,0,0,0.000251698968034231,0,0.0807953687389882,0,0,0.0629247420085578,0,0,0.0896048326201863,0.0103196576894035,0.0407752328215454,0.410521016863831
"198",0,0,0,0,0,0.0044543429844098,0.000556792873051225,0,0,0.25,0,0.104120267260579,0,0.0707126948775056,0.0066815144766147,0,0,0.129175946547884,0,0,0,0.0902004454342984,0,0,0,0,0.00556792873051225,0.0066815144766147,0.0562360801781737,0,0,0.115812917594655,0,0,0.00167037861915367,0,0,0,0.0044543429844098,0,0.0400890868596882,0,0.00556792873051225,0.0361915367483296,0.00167037861915367,0,0.0105790645879733,0.0428730512249443,0.0167037861915367,0
"199",0.00528576148001321,0.0399735711925999,0.00198216055500496,0,0,0,0,0.0194912454575487,0,0,0,0.106375949785266,0,0.162867525602907,0,0,0,0.126527915427816,0,0,0,0.000330360092500826,0,0,0,0,0.0109018830525273,0.00231252064750578,0.125206475057813,0.179715890320449,0,0.0564915758176412,0,0.00264288074000661,0,0,0,0.00264288074000661,0,0,0.136769078295342,0,0.00429468120251074,0.00297324083250743,0,0,0.00958044268252395,0.000991080277502478,0.00264288074000661,0
"200",0,0.0081677103185407,0.00108902804247209,0,0,0,0,0,0,0,0,0.0658861965695617,0,0.188129594337054,0,0,0,0.0106180234141029,0,0,0.00544514021236047,0.154641982031037,0,0,0,0.00163354206370814,0,0.000272257010618023,0.0136128505309012,0.00108902804247209,0.00299482711679826,0,0,0.00381159814865233,0.0294037571467465,0,0,0,0,0,0.0805880751429349,0.00136128505309012,0,0.02341410291315,0,0.226790089844813,0.102640893002995,0.0258644160087122,0.0421998366457936,0.0103457664034849
"201",0,0.00400145507457257,0.0207348126591488,0,0,0,0,0,0,0,0,0.0676609676245908,0,0.134594397962896,0.0101855220080029,0,0,0.102946526009458,0,0,0,0.00218261185885777,0.0196435067297199,0,0.355765732993816,0.00218261185885777,0,0.0152782830120044,0.0105492906511459,0,0.00109130592942888,0,0,0,0.00145507457257184,0,0,0.0221898872317206,0,0.00436522371771553,0.157511822480902,0,0,0.0363768643142961,0.0123681338668607,0,0.0120043652237177,0.000363768643142961,0,0.0065478355765733
